"Title","DateNonConformite","NoProjet","Departement","Responsable","Non-Conformite","Description","EnvoiMail","AjoutMesureCorrective","Correction","DateCorrection","Confirmation"
"1","2022-01-28","220022","Vente","Daniel Doré","Erreur de prix","Manque installation barrière","Non","Non","Changement fait par Daniel","2022-02-02","Oui"
"2","2022-01-31","211223","Vente","Daniel Doré","Erreur de prix","Manque les plaques joint et les joints de fibres","Non","Non","Changement fait par Daniel","2022-02-02","Oui"
"3","2022-01-31","220046","Ventes","Daniel Doré","Erreur de prix","Manque 52 p2 de fibre de verre","Non","Non","Changement fait par Daniel","2022-02-02","Oui"
"4","2022-02-01","220067","Ventes","Guy Drolet","Produit","barrière en 32'' de haut au lieu de 36''","Non","Non","Changement fait par Guy","2022-02-02","Oui"
"5","2022-02-07","220072","Ventes","Daniel Doré","Erreur de prix","Il manque 3 poteaux et 3 frais de descente","Non","Non","Changement fait par Daniel","2022-02-02","Oui"
"6","2022-02-07","211192","Ventes","Daniel Doré","Produit","Endroit non déneigé pour le prise de mesure","Non","Non",,,"Oui"
"7","2022-02-08","210891","Ventes","Martin Boiteau","Produit","Vendu des section de verre 66'' de haut sans attaches au centre 3191,55$","Non","Non",,,"Oui"
"8","2022-02-10","220016","Ventes","Daniel Doré","Produit","Projet à 69 km du bureau et pas d'extra pour prise de mesure et installation","Non","Non",,,"Oui"
"9","2022-02-14","220077","Ventes","Daniel Doré","Erreur de quantité","manque des morceaux pour le plancher d'alluminium et le prix de la prise de mesure pas assez élevé","Non","Non",,,"Oui"
"10","2022-02-14","220078","Ventes","Daniel Doré","Erreur de quantité","manque des morceaux pour le plancher d'alluminium et le prix de la prise de mesure pas assez élevé","Non","Non",,,"Oui"
"11","2022-02-14","220042","Ventes","Guy Drolet","Produit","le client voulait la section en verre","Non","Non",,,"Oui"
"12","2022-02-16","211206","Ventes","Martin Boiteau","Décharge","Annexe de décharge de non responsabilité pour la dimension de barrière non signé par le client","Non","Non",,,"Oui"
"13","2022-02-22","211204","Ventes","Daniel Doré","Produit","selon la configuration inpossible à faire en main continue avec des poteaux 1-3/4''","Non","Non",,,"Oui"
"14","2022-03-01","220099","Ventes","Daniel Doré","Produit","sur le plan colonne de 108'' mais c'est le code de la 96'' sur la commande","Non","Non",,,"Oui"
"15","2022-03-08","220102","Ventes","Daniel Doré","Produit","c'est de la main double horizon mais chargé main simple horizon","Non","Non",,,"Oui"
"16","2022-03-14","220114","Ventes","Guy Drolet","Produit","Sur le croquis du vendeur c'est inscrit main Urbaine mais dans la commande c'est de la main Horizon corimation reçu de la main Horizon 14 mars","Non","Non",,,"Oui"
"17","2022-03-16","220115","Ventes","Daniel Doré","Installation","Manque l'installation de la main double","Non","Non",,,"Oui"
"18","2022-03-17","220110","Ventes","Daniel Doré","Commande","Manque 2 frais de descente","Non","Non",,,"Oui"
"19","2022-04-15","200125","Production","Production","Commande","test","Oui","Non",,,"Oui"
"20","2022-05-30","220411","Ventes","Daniel Doré","Erreur code","instalation minimum dans le code INS-Beton chargé 325.00$ au lieu de 350.00$","Oui","Non",,,"Oui"
"21","2022-05-30","220167","Ventes","Daniel Doré","Produit","Manque la couleur des marches de fibres ","Oui","Non",,,"Oui"
"22","2022-05-30","220034","Ventes","Daniel Doré","Erreur de quantité","manque 1 barrière dans la commande","Oui","Non",,,"Oui"
"23","2022-05-30","220105","Mesures","Mesureurs","Hauteur section","Fabrication des rampes en 42'' au lieu de 43'' vu les pentes.","Oui","Oui",,"2022-05-31","Oui"
"24","2022-05-31","220330","Livraison","Production","Livraison sans autorisation","Nous avons pris la chance de livrer sans autorisation du client donc nous devons aller rechercher les rampes au chantier et les livrer chez l'entrepreneur.","Oui","Non",,,"Oui"
"25","2022-06-02","220435","Ventes","Guy Drolet","Commande","manque l'installation 70' de la main double. 
Si fibre en 2 mcx manque la plaque joint.","Oui","Non",,,"Oui"
"26","2022-06-02","220436","Ventes","Guy Drolet","Commande","Manque installation main double","Oui","Non",,,"Oui"
"27","2022-06-02","220179","Production","Production","poteau percé","Descente à venir mais les poteaux des descentes ont étés percés dans le haut donc plus d'ajustement sur place","Oui","Non",,,"Oui"
"28","2022-06-03","220458","Ventes","Daniel Doré","Erreur de produit","On demande un poteau de 3'' x  50'' mais chargé en 42''","Oui","Non",,,"Oui"
"29","2022-06-03","220432","Ventes","Daniel Doré","Erreur de prix","l'installation aurait dû être chargé au pied car 28,5' pour un montant de 441.75$ et non 300.00$","Oui","Non",,,"Oui"
"30","2022-06-03","220439","Ventes","Daniel Doré","Erreur de prix","Chargé 2 fois les prises de mesures et l'installation","Oui","Non",,,"Oui"
"31","2022-06-03","210935","Ventes","Daniel Doré","Installation","Manque installation de la barrière","Oui","Non",,,"Oui"
"32","2022-06-06","211098","Ventes","Daniel Doré","Erreur de prix","Prise de mesure de 5 balcons à 65$ aurait dû être 95$ selon le tableau pour prise de mesure","Oui","Non",,,"Oui"
"33","2022-06-06","220414","Ventes","Daniel Doré","Erreur Couleur","ambiguïté pour la partie garage main classique Noir mais poteaux Blanc","Oui","Non",,,"Oui"
"34","2022-06-06","220469","Ventes","Guy Drolet","Produit","vendu main urbaine en verre dépoli hauteur 72'' sans attache au centre. Manque 32 attaches","Oui","Non",,,"Oui"
"35","2022-06-06","220465","Ventes","Guy Drolet","Kilométrage","Job à 76 km oublié de mettre l'extra pour la prise de mesure et la livraison","Oui","Non",,,"Oui"
"36","2022-06-07","220409","Ventes","Daniel Doré","Produit","Manque la main double sur la commande","Oui","Non",,,"Oui"
"37","2022-06-09","210999","Production","Production","Mauvaise mesure de coupe","la main double a été fait avec la mesure du bas de la rampes et non celle du haut","Oui","Non",,,"Oui"
"38","2022-06-09","210999","Production","Production","Quincaillerie manquante","l'installateur a recu les cap à poteau 1-3/4'' mai c'est demandé 3''","Oui","Non",,,"Oui"
"39","2022-06-10","220495","Ventes","Guy Drolet","Erreur code","vendu des poteaux seulement mais avec le code PO1H72NO au lieu de PO1H72NO/UNITE","Oui","Non",,,"Oui"
"40","2022-06-10","220500","Ventes","Guy Drolet","Produit","Nous devons absolument mettre de la vision urbaine dans un escalier car ça prend une main","Oui","Non",,,"Oui"
"41","2022-06-13","220437","Production","Production","Couleur","Barrière et poteaux couleur Blanc mais envoyé des cap Noir","Oui","Non",,,"Oui"
"42","2022-06-14","220034","Mesures","Mesureurs","Mauvaise mesure de section","Tour de piscine sur dalle de béton en verre section max 48'' x 48'' de haut non respecté","Oui","Non",,,"Oui"
"43","2022-06-14","220413","MEP","Catherine Denis","Erreur dessin","Commande demandé tout en latte horizontale hauteur 72'' mais 1 section dessiné et produite en latte verticales et horizontales","Oui","Non",,,"Oui"
"44","2022-06-14","220505","Ventes","Martin Boiteau","Erreur de prix","le client va rapporter une section à l'usine pour la faire couper mais aucun temps d'usine n'est chargé","Oui","Non",,,"Oui"
"45","2022-06-14","220505","Ventes","Martin Boiteau","Erreur code","Sur le croquis il est inscrit penture ressort mais code de la standard sur la commande","Oui","Non",,,"Oui"
"46","2022-06-15","220132","Ventes","Daniel Doré","Erreur Couleur","Les rampes 36'' sont Brun Commercial mais les poteaux sont Noir","Oui","Non",,,"Oui"
"47","2022-06-15","220132","Ventes","Daniel Doré","Erreur de prix","Manque les frais de livraison et les mesures
","Oui","Non",,,"Oui"
"48","2022-06-15","220134","Ventes","Daniel Doré","Erreur de prix","manque 1 frais de descente en verre et frais de mesure","Oui","Non",,,"Oui"
"49","2022-06-15","220521","Ventes","Daniel Doré","Erreur de prix","Commande avec transport client, manque frais de palette lourd car verre 12mm","Oui","Non",,,"Oui"
"50","2022-06-21","220280","Production","Production","Erreur hauteur","2 sections assemblées pas en bonne hauteur","Oui","Non",,,"Oui"
"51","2022-06-22","220279","Production","Production","Equerres","Main continu avec équerre 90 degré pour section droite et descente","Oui","Non",,,"Oui"
"52","2022-06-23","220265","Production","Catherine Denis","Quincaillerie manquante","Manque la quincaillerie de la barrière sur le plan","Oui","Non",,,"Oui"
"53","2022-06-27","220558","Ventes","Daniel Doré","Erreur code","installation minimum entré dans le code INS-Beton chargé à 300.00 au lieu de INSMIN à 350.00","Oui","Non",,,"Oui"
"54","2022-06-27","220565","Ventes","Daniel Doré","Erreur de produit","manque la main double sur la commande ainsi que 2 poteaux de 3''","Oui","Non",,,"Oui"
"55","2022-06-27","220563","Ventes","Daniel Doré","Erreur de produit","manque la main double dans la commande","Oui","Non",,,"Oui"
"56","2022-06-28","220556","Ventes","Guy Drolet","Installation","Manque installation 2 barrières","Oui","Non",,,"Oui"
"57","2022-06-29","220373","Production","Production","Quincaillerie manquante","Manque les caches-vis","Oui","Non",,,"Oui"
"58","2022-06-30","220409","Production","Catherine Denis","Erreur produit","Sur les plan oublié de mettre main double continue","Oui","Non",,,"Oui"
"59","2022-07-04","220409","Production","Catherine Denis","Quincaillerie manquante","Manque les pieds et les vis pour les bases à barrotins","Oui","Non",,,"Oui"
"60","2022-07-04","220046","Mesures","Mesureurs","Mauvaise mesure de section","2 section sur 4 ne fonctionne pas","Oui","Non",,,"Oui"
"61","2022-07-05","220370","Mesures","Mesureurs","Mauvaise mesure de section","1 section trop courte","Oui","Non",,,"Oui"
"62","2022-07-07","220271","Mesures","Mesureurs","Mauvaise mesure de section","1section trop longue hors tout de 131 3/4 au lieur de 137 3/4","Oui","Non",,,"Oui"
"63","2022-07-07","220097","Production","Production","verre monter à l'envers","les verres des murs intimités sont montés à l'envers","Oui","Non",,,"Oui"
"64","2022-07-08","220327","Mesures","Mesureurs","Mauvaise mesure de section","Les descentes ne fonctionne pas","Oui","Non",,,"Oui"
"65","2022-07-11","220583","Ventes","Daniel Doré","Erreur code","Gardex vision mais vendu gardex vision optimum","Oui","Non",,,"Oui"
"66","2022-07-12","220134","Production","Production","Erreur étiquetage","Il manque les étiquettes pour les poteaux","Oui","Non",,,"Oui"
"67","2022-07-12","220565","Production","Production","Erreur étiquetage","Il maque les étiquettes pour les poteaux","Oui","Non",,,"Oui"
"68","2022-07-19","220457","Mesures","Mesureurs","Mauvaise mesure de section","section de 23 5/16 trop longue, doit couper au chantier et si le client n'accepte pas on devra refaire les 2 sections","Oui","Non",,,"Oui"
"70","2022-07-20","220026","Mesures","Mesureurs","Mauvaise mesure de section","erreur de positionnement de la rampe avant droite","Oui","Non",,,"Oui"
"71","2022-08-11","220308","Mesures","Mesureurs","Mauvaise mesure de section","Les mesures n'ont pas été prise en fonction de la poutre pour installation des colonnes","Oui","Non",,,"Oui"
"72","2022-08-11","220402","Production","Production","Quincaillerie manquante","Manque les caps des poteaux 1 3/4","Oui","Non",,,"Oui"
"73","2022-08-11","220402","Mesures","Production","Erreur Pente","les pentes sont erronnées","Oui","Non",,,"Oui"
"74","2022-08-12","220526","Mesures","Mesureurs","Erreur Pente","Pente pas bonne nous avons couper des poteaux qu'il a fallu ralonger au chantier","Oui","Non",,,"Oui"
"75","2022-08-11","220308","Installation","Installateurs","Installation","Section avec des barrotins courbés installées à l'envers","Oui","Non",,,"Oui"
"76","2022-08-15","220524","Ventes","Daniel Doré","Erreur Couleur","Rampes noir sur la commande mais les capages sur place sont Brun Commercial","Oui","Non",,,"Oui"
"77","2022-08-17","220738","Ventes","Daniel Doré","Erreur de prix","Manque 4 frais de descente en verre","Oui","Non",,,"Oui"
"78","2022-08-22","220755","Ventes","Daniel Doré","Commande","Le client demande hauteur 42'' sauf 1 section de 12 5/8'' en 36 mais dans la commande tout est en 36''","Oui","Non",,,"Oui"
"79","2022-08-24","220736","Ventes","Daniel Doré","Produit","manque la barrière dans la commande. Dossier redonné","Oui","Non",,,"Oui"
"80","2022-08-24","220758","Ventes","Martin Boiteau","Infaisabilité","Impossible à produire un fibre en ''V'' de 243'' x 244'' doit être fait en plus de 1 morceau. Donc ajout de plaque joint et joint de fibre de verre.
Retourné dossier au vendeur pour refaire la vente. Voir aussi ce qu'on entend par fascia....","Oui","Non",,,"Oui"
"81","2022-08-24","220080","Installation","Installateurs","Installation","Cache-vis non installés trouvé dans l'usine","Oui","Non",,,"Oui"
"82","2022-08-25","220057","Commande","Nadine Giguère","Commande","Commandé 1 verre de la même grandeur que la section.","Oui","Non",,,"Oui"
"83","2022-08-26","220765","Ventes","Daniel Doré","Erreur de quantité","Descente en verre de 85'' manque 1 poteau et 2 frais de descente ","Oui","Non",,,"Oui"
"84","2022-08-29","220792","Ventes","Martin Boiteau","Décharge","Oublier d'inscrire sur la commande qu'il se peut que l'on brise en démanchant Cache-vis certain et que nous ne pouvons être tenu responsable.","Oui","Non",,,"Oui"
"85","2022-08-30","220746","Ventes","Daniel Doré","Erreur de quantité","Suite à la prise de mesures, il manque 1 poteau 1-3/4'' sur la commande","Oui","Non",,,"Oui"
"86","2022-08-30","220597","MEP","Catherine Denis","Erreur dessin","Demande d'un Aqualatch dans la commande mais non inscrit au plan","Oui","Non",,,"Oui"
"87","2022-08-31","220803","Ventes","Daniel Doré","Kilométrage","Job à 73 kilomètre sans extra pour prise de mesure et installation","Oui","Non",,,"Oui"
"88","2022-09-01","220387","Ventes","Daniel Doré","Erreur de produit","Balcon à plus de 5' du sol donc les rampes doivent être en 42''","Oui","Non",,,"Oui"
"89","2022-09-01","220492-2","Production","Production","Mauvaise mesure de coupe","main continu inscrit sur plan 105,285 mais fabriqué 107 1/4","Oui","Non",,,"Oui"
"90","2022-09-01","220812","Ventes","Guy Drolet","Erreur de prix","Barrière en mur intimité 72'' vendu barrière 42''. Manque couleur marche de fibre.","Oui","Non",,,"Oui"
"91","2022-09-08","220391","Commande","Nadine Giguère","Commande","Suite de la première phase et je n'ai pas été voir la hauteur des verres de la phase 1 recommander 4 verres","Oui","Non",,,"Oui"
"92","2022-09-12","220829","Ventes","Martin Boiteau","Erreur de produit","vente d'un seul poteau mais pas utiliser le bon code PO1H36BL/UNITE","Oui","Non",,,"Oui"
"93","2022-09-14","220858","Ventes","Daniel Doré","Erreur de produit","Dossier initiale vendu et fabriqué en 42'' de haut mais cette commande est en 36''","Oui","Non",,,"Oui"
"94","2022-09-19","220862","Ventes","Daniel Doré","Erreur de quantité","Livraison marche de fibre quantité 9 à 75.00$ total de 675.00$","Oui","Non",,,"Oui"
"95","2022-09-19","220876","Ventes","Daniel Doré","Produit","Manque installation main-double 58 pieds","Oui","Non",,,"Oui"
"96","2022-09-19","220788","Commande","Nadine Giguère","Commande","Commander le fibre couleur Fusain mais s'était Granite Fusain","Oui","Non",,,"Oui"
"97","2022-09-19","220876","Ventes","Daniel Doré","Installation","manque installation barrière","Oui","Non",,,"Oui"
"98","2022-09-26","220905","Ventes","Daniel Doré","Produit","Job de verre par transporteur manque frais de palette","Oui","Non",,,"Oui"
"99","2022-09-29","220618","Ventes","Daniel Doré","Installation","Manque installation limons, marches et rampes","Oui","Non",,,"Oui"
"100","2022-09-29","220695","Production","Production","Mauvaise mesure de coupe","descente en mur intimité la partie du haut est trop longue","Oui","Non",,,"Oui"
"101","2022-09-29","220899","MEP","Catherine Denis","Erreur dessin","Ligne de la contre-Marche pour délimiter le haut du bas à la mauvaise place","Oui","Non",,,"Oui"
"102","2022-09-29","220899","Production","Production","Erreur de quantité","Main manquante","Oui","Non",,,"Oui"
"103","2022-09-29","220435","Production","Production","Mauvaise mesure de coupe","Cache-vis de a main double plus courte que la track","Oui","Non",,,"Oui"
"104","2022-09-29","220435","MEP","Catherine Denis","Erreur dessin","Les cotes de dégagements n'ont pas été transcrit sur le plan","Oui","Non",,,"Oui"
"105","2022-09-29","220435","Mesures","Mesureurs","Mauvaise mesure de section","Section de 7-3/4 modifié à 5-5/16","Oui","Non",,,"Oui"
"106","2022-09-29","210162","Mesures","Mesureurs","Erreur Pente","Pente mal évalué sur une descente, on doit refaire les poteaux","Oui","Non",,,"Oui"
"107","2022-09-29","220798","Mesures","Mesureurs","Hauteur section","la barrière n'a pas été enlever dans la dimension totale","Oui","Non",,,"Oui"
"108","2022-10-03","220492","Mesures","Mesureurs","Mauvaise mesure de section","changement sur le positionnement de la descente, on doit changer la dimension d'une section de verre.","Oui","Non",,,"Oui"
"109","2022-10-03","220928","Ventes","Daniel Doré","Erreur de produit","Rampes en verre mais descente en barrotins mais tout vendu en barrotins","Oui","Non",,,"Oui"
"110","2022-10-03","220925","Mesures","Mesureurs","Mauvaise mesure de section","erreur de mesure de section avec barrière","Oui","Non",,,"Oui"
"111","2022-10-03","220695","Production","Production","Produit endommagé","Main égratignée.","Oui","Non",,,"Oui"
"112","2022-10-03","220695","Production","Production","Mauvaise mesure de coupe","track du haut sur mur intimité spécial pas la bonne longeur (mesure sur plan non-respecté)","Oui","Non",,,"Oui"
"113","2022-10-03","220695","Ventes","Guy Drolet","mauvaise entente avec client","Barrière installé en l'envers (spa non-prévu par la prise de mesure)","Oui","Non",,,"Oui"
"114","2022-10-03","220937","Ventes","Daniel Doré","Erreur de produit","seulement 3 poteaux de de 3'' x 72'' pas vendu dans le code/UNITE","Oui","Non",,,"Oui"
"114","2022-10-03","220925","Mesures","Mesureurs","mauvaise entente avec client","Poteau existant calculé enlevé par le client (erreur mesure barrière)","Oui","Non",,,"Oui"
"115","2022-10-03","220939","Ventes","Daniel Doré","Installation","installation de la main murale 10.5' non chargé en installation","Oui","Non",,,"Oui"
"116","2022-10-03","220817","Production","Production","Section manquante","il manque une section de 9 1/2 (pas faite)","Oui","Non",,,"Oui"
"117","2022-10-05","220917","Ventes","Daniel Doré","Erreur de produit","balcon avec rampes en verre mais descente en main seule parcontre dans la commande on charge du barrotins. Redonner dossier au vendeur.","Oui","Non",,,"Oui"
"118","2022-10-07","220869","Production","Catherine Denis","Couleur","Mur intimité commandé blanc mais sur le plan la couleur n'a pa été changé elle est resté noir","Oui","Non",,,"Oui"
"119","2022-10-08","220945","Ventes","Daniel Doré","information dessin","mauvaise entente sur les dessins avec le client","Oui","Non",,,"Oui"
"120","2022-10-11","220894","Ventes","Guy Drolet","Erreur Couleur","PFT est en train d'installer et la cliente leur dit que la rampes doit être Noir et non Argile","Oui","Non",,,"Oui"
"121","2022-10-13","220878","Mesures","Mesureurs","Mauvaise mesure de section","Section 11'' trop courte","Oui","Non",,,"Oui"
"122","2022-10-13","220658","Mesures","Mesureurs","Hauteur section","Section installer sur le côté mal évalué sur le degré et la hauteur du perçage allongé","Oui","Non",,,"Oui"
"123","2022-10-13","220732","Mesures","Mesureurs","Mauvaise mesure de section","Espace de 5'' entre deux sections ","Oui","Non",,,"Oui"
"124","2022-10-13","9223","Mesures","Mesureurs","Mauvaise identification du dégagement","Point de départ spécial de la section demandé par le client pas identifier sur le plan, les installateurs ont appliqué notre standard.","Oui","Non",,,"Oui"
"125","2022-10-13","220749","Ventes","Martin Boiteau","mauvaise entente avec client","Section d'une barrière à gond demandé du mauvais côté","Oui","Non",,,"Oui"
"126","2022-10-19","220987","Ventes","Daniel Doré","Produit manquant","Manque 2 frais de descentes en verre","Oui","Non",,,"Oui"
"127","2022-10-20","220961","Ventes","Martin Boiteau","Note manquante","Note de la garantie de l'installation de la barrière enlevé.
","Oui","Non",,,"Oui"
"128","2022-10-20","220985","Ventes","Daniel Doré","Erreur de quantité","chargé 22.5 pieds de mur intimité mais la quantité est de 50.5 pieds redonner dossier dans la case pour modif.","Oui","Non",,,"Oui"
"129","2022-10-25","220467-3","Mesures","Mesureurs","Mauvaise mesure de section","Le client nous demande de refaire 3 sections plus longue.","Oui","Non",,,"Oui"
"130","2022-10-26",,"Installation","Installateurs","Point de départ non-respecté","Point de départ pas au bon endroit en fonction de la barrière et des angles","Oui","Non",,,"Oui"
"131","2022-10-26","220921","Ventes","Daniel Doré","Produit","Descente en verre 10mm sans main sans aucune dérogation","Oui","Non",,,"Oui"
"132","2022-10-27","221004","Ventes","Daniel Doré","Erreur de prix","Projet installé par le client nous devons aller changer 2 poteaux vendu dans le code de poteau normale et installation mnimum à 175.00$ tandis que nos 2 hommes nous coutent 152.34$. Aucune note inscrite si c'est notre erreur ou celle du client.","Oui","Non",,,"Oui"
"133","2022-10-27","220957","Ventes","Daniel Doré","Règlementation","vendu 6 marches de 65 3/4 avec seulement 1 set de limon. Je crois que pour la longueur ça en prend 2 set de 2 limons.
Redonner dossier à Daniel","Oui","Non",,,"Oui"
"134","2022-10-27","220955","Production","Production","Oublier de donner produit","1 paquet de main continue pas donné au client (Réjean)","Oui","Non",,,"Oui"
"135","2022-10-31","221013","Ventes","Daniel Doré","Erreur Couleur","Au plan on demande Anodisé Naturel mais sur la commande c'est noir et aucune note que la couleur a changé. À revoir s.v.p","Oui","Non",,,"Oui"
"136","2022-10-31","220820","Mesures","Mesureurs","Erreur Pente","Le client mentionne que les poteaux n'ont pas la bonne pente. Il faut en couper 3 et en ralonger 1","Oui","Non",,,"Oui"
"137","2022-11-02","221019","Ventes","Daniel Doré","Produit manquant","Gardex vision optimum il manque les attaches entre les verres. Dossier retourné à Daniel","Oui","Non",,,"Oui"
"138","2022-11-03","220420","Ventes","Martin Boiteau","Pas prêt à mesurer","Les marches ne sont pas décoffrer et les colonnes ne sont pas installés. Redonner dossier à Martin","Oui","Non",,,"Oui"
"139","2022-11-04","220881","Mesures","Mesureurs","Mauvaise mesure de section","section du côté qui va au mur trop courte","Oui","Non",,,"Oui"
"140","2022-11-10","220895","Mesures","Mesureurs","Hauteur section","Oublier de déduire 1 poteau","Oui","Non",,,"Oui"
"141","2022-11-14","221049","Ventes","Daniel Doré","Erreur de quantité","Gardex vision vendu 1 pied sur la commande mais la quantité est de 3.
Redonner dossier à Daniel","Oui","Non",,,"Oui"
"142","2022-11-16","221061","Ventes","Daniel Doré","Erreur de quantité","Dans la commande vendu 1 poteau 1-3/4 mais il en a 12....
Je redonne le dossier à Daniel ","Oui","Non",,,"Oui"
"143","2022-11-22","221020","Production","Production","Couleur","Nous avons livrer des cap et touch up noir tandis que les rampes sont de couleur charbon","Oui","Non",,,"Oui"
"144","2022-11-28","221080","Ventes","Daniel Doré","Produit manquant","Descente en 48'' il devrait y avoir en ajout une main murale car non r`glementaire sinon avoir une dérogation","Oui","Non",,,"Oui"
"145","2022-11-28","220856","Mesures","Mesureurs","Erreur de mesures","Le dessin des descentes ont été faites avec les données de contre-marche et marche. Parcontre la marche de 10 3/4'' est sur un giron de 9'' donc un nez de 1-3/4'' qui n'a pas été mentionné. Donc les 2 verres sont trop long.","Oui","Non",,,"Oui"
"146","2022-11-28","220718","Mesures","Mesureurs","Erreur de mesures","Le dessin de descente a été faite avec les données de contre-marche et marche. Parcontre la marche de 10 3/4'' est sur un giron de 9'' donc un nez de 1-3/4'' qui n'a pas été mentionné. Donc le verre est trop long.","Oui","Non",,,"Oui"
"147","2022-11-30","210112","Ventes","Daniel Doré","Erreur de quantité","Demande de correction fait mais la quantité de poteaux n'est toujours pas bonne. Je fais la correction car nous devons facturer pour l'inventaire","Oui","Non",,,"Oui"
"148","2023-01-26","221084","Ventes","Guy Drolet","mauvaise entente avec client","Nous avons commandé 3 colonnes mais lors de l'installation les 3 colonnes étaient en place","Oui","Non",,,"Oui"
"149","2023-01-30","220735-8-S1","Production","Production","Section manquante","La production a oublié de faire 2 sections de 52 7/8 tel qu'indiqué au plan","Oui","Non",,,"Oui"
"150","2023-02-01","221042","Production","Jocelyn Larouche","Erreur dessin","les nouveaux dessins de verre n'ont pas été mis dans le dossier vertuel et les anciens nont pas été supprimé","Oui","Non",,,"Oui"
"151","2023-02-01","230045","Ventes","Daniel Doré","Erreur Couleur","2 sections à faire mais de couleurs différente","Oui","Non",,,"Oui"
"152","2023-02-09","230062","Ventes","Guy Drolet","Installation","installation 10' de rampes vendu à 155.00$. Installation minimum est à 350.00$. ","Oui","Non",,,"Oui"
"153","2023-02-21","230073","Ventes","Guy Drolet","Produit manquant","Il manque la moulure de départ pour le plancher d'aluminium. Attention délais pour le plancher allu minimum un 4 à 6 semaines","Oui","Non",,,"Oui"
"154","2023-03-27","230129","Ventes","Daniel Doré","Produit manquant","Manque installation Barrière","Oui","Non",,,"Oui"
"155","2023-03-29","230053","Mesures","Mesureurs","Erreur de mesures","Erreur de mesure de hauteur il manque 1 contre-marche","Oui","Non",,,"Oui"
"156","2023-03-29","230057","MEP","Nadine Giguère","Erreur dessin","Barrière 1'' trop grande erreur dans le calcul de déduction des poteaux. Elle sera coupé sur place.","Oui","Non",,,"Oui"
"157","2023-03-29","230068","Production","Production","Mauvaise mesure de coupe","Section de 31 7/8'' demandé au plan mais fabriqué à 37 7/8''. Section coupé sur place.","Oui","Non",,,"Oui"
"158","2023-03-30","230008-3","Commande","Nadine Giguère","Commande","Erreur de commande dans la dimension des verres oublier de déduire 3''. Ces mauvais verres seront utilier dans le Capella","Oui","Non",,,"Oui"
"159","2023-04-24","230205","Ventes","Daniel Doré","Kilométrage","Projet èa 76km aucun extra de chargé pour la prise de mesure et l'installation","Oui","Non",,,"Oui"
"160","2023-04-25","221035","Ventes","Daniel Doré","Erreur de quantité","Gardex vision, nous avons 5 sections et seulement 10 attaches de vendu au client au lieu de 20. Nous devons facturer tel quel car projet vendu 08-11-2022.","Oui","Non",,,"Oui"
"162","2023-04-26","220826","Mesures","Mesureurs","Erreur de mesures","mauvaise dimension de barrotins 4 x 102 mais requis 107","Oui","Non",,,"Oui"
"163","2023-04-27","230030","Production","Production","Erreur hauteur","Section demandé en 42'' de haut mais fait en 48'' de haut","Oui","Non",,,"Oui"
"164","2023-05-03","220911","Production","Production","Mauvaise mesure de coupe","les mains et cache-vis des descente de 41'' sont trop longue. ont du etre recoupé sur place mais une de brisé à refaire","Oui","Non",,,"Oui"
"165","2023-05-02","230094","Production","Production","Oublier de donner produit","1 mur intiité fixé sur le poteau existant du client la barre d'alluminium du haut pas donné donc partie du haut non installé","Oui","Non",,,"Oui"
"168","2023-05-03","220199","Ventes","Daniel Doré","Commande","modification fait sur la commande mais pas sur le plan du mesureur donc nous avons commandé du verre qui était changé en barrotins","Oui","Non",,,"Oui"
"169","2023-05-05","230257","Ventes","Daniel Doré","Erreur de produit","seulement 2 poteaux sur la commande mais le code n'est pas poteau vendu seul.","Oui","Non",,,"Oui"
"170","2023-05-16","230277","Ventes","Daniel Doré","Kilométrage","installation minimum de chargé projet à 49 km aucun extra pour le 9 kilomètres supp.","Oui","Non",,,"Oui"
"171","2023-05-16","230186","Ventes","Martin Boiteau","Produit manquant","les colonnes de bois sont traité et on doit mettre une membrane avant de les capper. Faturer tel que oubli du vendeur.","Oui","Non",,,"Oui"
"172","2023-05-17","230010","Mesures","Mesureurs","Erreur de mesures","Refaire 5 sections trop courte","Oui","Non",,,"Oui"
"173","2023-05-17","230010","Production","Production","poteau percé","poteau de coin car percé face à face","Oui","Non",,,"Oui"
"174","2023-05-18","230307","Ventes","Guy Drolet","Produit manquant","manque installation barrière.","Oui","Non",,,"Oui"
"175","2023-05-19","230330","Ventes","Daniel Doré","Produit manquant","Manque installation main double","Oui","Non",,,"Oui"
"177","2023-05-23","230310","Ventes","Daniel Doré","Kilométrage","vendu installation minimum à 350.00$ sans surcharge de kilomètrage après le 40 km. Job à 54 km et aucune charge de livraison.","Oui","Non",,,"Oui"
"178","2023-05-25","230290","Production","Production","Erreur produit","Poteaux de 1-3/4 mais dans la quincaillerie cap de poteau 3''","Oui","Non",,,"Oui"
"179","2023-05-25","230294","Production","Production","Quincaillerie manquante","quincaillerie pas fait dans ce projet","Oui","Non",,,"Oui"
"180","2023-05-29","230325","Ventes","Daniel Doré","Commande","Projet en 2 phases inscrit sur la commande au Lac St-Joseph
Seulement 1 prise de mesure","Oui","Non",,,"Oui"
"181","2023-05-29","230221","Ventes","Daniel Doré","Commande","augmentation des verres Vision de 2'' sur un balcon à cause de la pente sans aucun extra
Projet en 2 phases seulement 1 prise de mesure","Oui","Non",,,"Oui"
"182","2023-06-01","230292","Ventes","Daniel Doré","Erreur Couleur","Rampes vendu noir mais c'est blanc","Oui","Non",,,"Oui"
"183","2023-06-01","220741","Commande","Nadine Giguère","Commande","Erreur de couleur de verre commandé verre clair mais vendu verre bronze. Daniel essai de le faire passer au client.","Oui","Non",,,"Oui"
"184","2023-06-02","230209","Mesures","Mesureurs","Erreur de mesures","2 Sections du haut trop longue","Oui","Non",,,"Oui"
"185","2023-06-05","230400","Ventes","Martin Boiteau","Kilométrage","Chargé installation minimum 350.00$ pour 40 kilomètres mais projet à 80 kilomètre et seulement 20 km en extra.","Oui","Non",,,"Oui"
"186","2023-06-06","230053","Mesures","Mesureurs","Mauvaise mesure de section","Sur le plan des mesures prise l'angle n'est pas mis du bon sens donc on refait toujours la même chose car manque d'analyse","Oui","Non",,,"Oui"
"187","2023-06-07","230025","Production","Production","Equerres","manque ne équerre dans une section de verre","Oui","Non",,,"Oui"
"188","2023-06-13","230216","Ventes","Daniel Doré","Installation","Montant chargé par PFT pour la désinstallation des rampes, l'installation des plaques et la réinstallation des rampes 6080.00$
Montant su la commande 5393,25$","Oui","Non",,,"Oui"
"189","2023-06-19","230231","Production","Catherine Denis","Mauvaise mesure de coupe","Mains de 2 descentes trop courte","Oui","Non",,,"Oui"
"190","2023-06-19","230231","Production","Production","Equerres","Manque 1 équerre de fixation dans une track et une main coupé trop courte","Oui","Non",,,"Oui"
"191","2023-06-27","230501","Ventes","Daniel Doré","Erreur de produit","le client commande seulement des pièces les poteaux aurait dû être vendu avec le code poteau seul","Oui","Non",,,"Oui"
"192","2023-06-28","230515","Ventes","Daniel Doré","Erreur de produit","1 poteau vendu seul mais pas avec le code de poteau seul","Oui","Non",,,"Oui"
"193","2023-06-28","230424","Ventes","Daniel Doré","Erreur de prix","Nous avons un extra pour les verres à 2'' du sol parcontre selon la pente nous devons ajouter un  2'' de plus pour les poteaux et les verres.
On demande de facturer tel quel.","Oui","Non",,,"Oui"
"194","2023-06-28","230519","Ventes","Daniel Doré","Erreur Couleur","le client a inscrit gris charbon mais la commande est en noir. Redonné pour modification.","Oui","Non",,,"Oui"
"195","2023-06-28","230525","Ventes","Daniel Doré","Erreur code","Seulement des poteaux de vendu dans cette commande mais pas avec le code de poteau seul","Oui","Non",,,"Oui"
"196","2023-06-29","230528","Ventes","Daniel Doré","Produit manquant","manque la livraison","Oui","Non",,,"Oui"
"197","2023-06-29","230530","Ventes","Guy Drolet","Installation","Commande enter le 29 juin et date requise pour installation le 7 juillet","Oui","Non",,,"Oui"
"198","2023-06-29","230530","Ventes","Guy Drolet","Kilométrage","Proet à 80 km et aucun extra pour prise de mesure et installation 20 km supp.","Oui","Non",,,"Oui"
"199","2023-07-05","230548","Ventes","Daniel Doré","Produit manquant","10 colonnes 3'' à livrer à la Durantaye sans aucun frais de livraison","Oui","Non",,,"Oui"
"200","2023-07-06","230548","Ventes","Daniel Doré","Commande","Demande de soumission qui a été passé en commande sans l'accord du client","Oui","Non",,,"Oui"
"201","2023-07-10","230424","Commande","Nadine Giguère","Commande","Commander 3 verres de la même longueur que la track","Oui","Non",,,"Oui"
"202","2023-07-12","230582","Ventes","Daniel Doré","Erreur code","poteaux vendu seul avec attache vision, 
poteau vendu normale pas avec le code seul","Oui","Non",,,"Oui"
"203","2023-07-18","230375-S2","Mesures","Mesureurs","Erreur Pente","Aucune pente de bonne sur le plan 230375-S2","Oui","Non",,,"Oui"
"205","2023-07-19","230597","Ventes","Daniel Doré","Produit manquant","manque frais de descente","Oui","Non",,,"Oui"
"206","2023-07-18",,"Production","Production","Equerres","Manque des équerres dans les rampes en barrotin","Oui","Non",,,"Oui"
"207","2023-07-19","230387","Production","Production","Poteaux à l'envers sur barrière","Poteaux montés à l'envers sur la barrière en verre, le logo se retrouve en haut (le verre était bien monté)","Oui","Non",,,"Oui"
"208","2023-07-19","230441","Production","Production","Mauvaise mesure de coupe","Pièces de murs intimités 2"" trop longue (track du haut), Bertrand est au courant et a compris son erreur","Oui","Non",,,"Oui"
"209","2023-08-10","230629","Ventes","Daniel Doré","Installation","manque installation Barrièere","Oui","Non",,,"Oui"
"210","2023-08-10","230510","Production","Production","poteau percé","1 poteau percé avec un trou 1"" plus bas (production avisé) ","Oui","Non",,,"Oui"
"211","2023-08-11","230586","Ventes","Daniel Doré","Installation","il aurait fallu chargé l'installation minimum de 350.00 + installation de la barrière","Oui","Non",,,"Oui"
"212","2023-08-16","230309","Ventes","Daniel Doré","Erreur de prix","vendu main horizon en barrotins hauteur 60'' le code n'existe pas donc utiliser le code de hauteur 48''. Prix du 48 est de 40.32$ vendu sur la commande 48.17$ mais aurait du être 50.40$ selon la règle de 3","Oui","Non",,,"Oui"
"213","2023-08-16","230674","Ventes","Daniel Doré","Produit manquant","pas la même quantité de rampe vendu et installé
manque installation barrière","Oui","Non",,,"Oui"
"214","2023-08-18","230683","Ventes","Daniel Doré","Installation","Manque installation main double","Oui","Non",,,"Oui"
"215","2023-08-23","230617","Production","Production","Verre non strapper","Job en livraison sections de non strapper seulement strapper avec le carton d'emballage","Oui","Non",,,"Oui"
"216","2023-08-23","230704","Ventes","Daniel Doré","Kilométrage","job à Beaupré 68 kilomètres sans aucun extra sur l'installation","Oui","Non",,,"Oui"
"217","2023-08-29","230682","Ventes","Daniel Doré","Erreur de produit","Une équipe est allé pour installer  au Lac-Frontière mais n'a pu faire l'installation car erreur de produit vendu main classique mais c'est main horizon","Oui","Non",,,"Oui"
"218","2023-08-28","230585","Production","Production","Oublier de donner produit","les caoutchouc des attaches EURO n'ont pas été donné en livraison","Oui","Non",,,"Oui"
"219","2023-08-29","230635","Ventes","Guy Drolet","Erreur Couleur","3 marches de fibre pas vendu de la bonne couleur","Oui","Non",,,"Oui"
"220","2023-08-31","230268","Production","Production","Erreur produit","Les caoutchoucs des attaches vision n'ont pas été donné avec la job","Oui","Non",,,"Oui"
"221","2023-09-07","230442","Ventes","Daniel Doré","Prise de mesure","Mauvaise configuration des rampes du garage on doit refaire un ''L'' au lieu de seulement une section droite","Oui","Non",,,"Oui"
"222","2023-09-25","230833","Ventes","Guy Drolet","Produit manquant","manque installation barrière","Oui","Non",,,"Oui"
"223","2023-09-27","230845","Ventes","Daniel Doré","Produit manquant","Chargé 1 poteau au lieu de 5 ","Oui","Non",,,"Oui"
"224","2023-10-20","230713","Production","Jocelyn Larouche","verre monter à l'envers","verre givré pour le projet complet et 1 descente le verre est onté pas du bon côté","Oui","Non",,,"Oui"
"225","2023-10-24","230711","Ventes","Daniel Doré","Erreur de prix","8 balcons à mesurer mais seulement chargé 75$ de frais de mesure
livraison chantier seulement 50$ pour 38 sections sur 8 balcons ","Oui","Non",,,"Oui"
"226","2023-10-24","230934","Ventes","Daniel Doré","Erreur de produit","vendu barrotin 3/4 mais demande barrotin 1-3/4
Gardex ison vendu mais pas vendu les attaches euro","Oui","Non",,,"Oui"
"227","2023-10-24","230935","Ventes","Martin Boiteau","Erreur de prix","installation chargé a 317.25$ tandis que le minimum est de 350.00$
","Oui","Non",,,"Oui"
"228","2023-10-26","230697","Mesures","Mesureurs","Hauteur section","Erreur de hauteur doit recommencer 3 sections","Oui","Non",,,"Oui"
"229","2023-10-26","230871","Ventes","Daniel Doré","Erreur de prix","Chargé 75$ de prise de mesure
temps réel pour mesure 2 heures à 2 hommes","Oui","Non",,,"Oui"
"230","2023-11-07","230971","Ventes","Daniel Doré","Produit manquant","manque installation barrière","Oui","Non",,,"Oui"
"231","2023-11-14","230981","Ventes","Daniel Doré","Produit manquant","manque installation barrière","Oui","Non",,,"Oui"
"232","2023-11-15","230957","Production","Production","Quincaillerie manquante","Les bouts et bases à barrotins ne sont pas dans la quincaillerie","Oui","Non",,,"Oui"
"233","2023-11-16","230979","Ventes","Daniel Doré","Erreur de quantité","sur la commande il a 46 poteaux mais en réalité 64 poteaux et 27 pieds linéaire de plus de rampes. retourné dossier à la correction.","Oui","Non",,,"Oui"
"234","2023-11-16","230480","Mesures","Mesureurs","Erreur de mesures","Sur la commande il est inscrit colonnes de 3'' mais mesurer avec colonne 1-3/4''","Oui","Non",,,"Oui"
"235","2023-11-20","230798","Ventes","Daniel Doré","Produit manquant","Manque frais de set up ainsi que l'extra pour couleur Gris métallique","Oui","Non",,,"Oui"
"236","2024-02-05","240049","Ventes","Daniel Doré","Erreur de quantité","Manque 12 poteaux à la soumission car le dernier étage a été calculé avec des colonnes mais il en a pas.","Oui","Non",,,"Oui"
"237","2024-02-09","240058","Ventes","Daniel Doré","Produit manquant","Manque 1 poteau dans la commande","Oui","Non",,,"Oui"
"238","2024-02-19","240053","Ventes","Daniel Doré","Installation","l'installation des murs intimités a té ajouté au code installation sur béton èa 15.50$ au lieu de 18.00$","Oui","Non",,,"Oui"
"239","2024-02-29","240060","Ventes","Daniel Doré","Kilométrage","mesure et installation job à St-Féréol Les Neiges 72km","Oui","Non",,,"Oui"
"240","2024-03-07","240053","Production","Jocelyn Larouche","Quincaillerie manquante","Manque équerre de fixation dans une section de rampes","Oui","Non",,,"Oui"
"241","2024-03-12","240053","Mesures","Mesureurs","Erreur de mesures","Mesures entre les colonnes erronnées. On doit recommencer 19 sections en barrotins","Oui","Non",,,"Oui"
"242","2024-03-19","240053","Mesures","Mesureurs","Erreur de mesures","refaire 3 autres sections pour alcons 204 - 206 et 310","Oui","Non",,,"Oui"
"243","2024-03-26","240090","Production","Nadine Giguère","Mauvaise mesure de coupe","Mauvais tableau utilisé pour le calcul des mains continue","Oui","Non",,,"Oui"
"244","2024-04-10","240128","Ventes","Martin Boiteau","Prise de mesure","Client entrepreneur, il manque la prise de mesure","Oui","Non",,,"Oui"
"245","2024-04-15","240081","Mesures","Mesureurs","Erreur de mesures","Recommander 2 verres de 12MM
1 bris dans le transport
1 erreur de mesure sur la hauteur","Oui","Non",,,"Oui"
"246","2024-04-17","240081-1","Production","Production","Quincaillerie manquante","Manque 1 kit de penture","Oui","Non",,,"Oui"
"247","2024-04-23","240064","Production","Production","verre monter à l'envers","Les logo des verres sont dans le haut","Oui","Non",,,"Oui"
"248","2024-04-24","230833","Ventes","Guy Drolet","Produit manquant","remplacer petite penture par grosse","Oui","Non",,,"Oui"
"249","2024-04-24","240144","Ventes","Guy Drolet","Produit manquant","remplacer petite penture pour grosse","Oui","Non",,,"Oui"
"250","2024-04-24","240180","Ventes","Guy Drolet","Produit manquant","remplacer petite penture pour grosse","Oui","Non",,,"Oui"
"251","2024-04-26","240138","Production","Production","Erreur produit","mal mural installer sur un poteau de départ mais fabriqué avec  embouts et sans angle de coupe tel qu'indiqué sur plan","Oui","Non",,,"Oui"
"252","2024-05-01","240144","Production","Production","Produit endommagé","main de 45'' trop égratignée","Oui","Non",,,"Oui"
"253","2024-05-01","240158","Production","Production","Produit endommagé","main de descente 16 5/8 égratignée","Oui","Non",,,"Oui"
"254","2024-05-02","240184","Ventes","Guy Drolet","Erreur Couleur","rampes vendu en noir mais la cliente mentionne que c'est Blanc","Oui","Non",,,"Oui"
"255","2024-05-06","240224","Ventes","Yves Gosselin","Kilométrage","livraison à 67 kilomètres aucun extra","Oui","Non",,,"Oui"
"256","2024-05-07","240228","Ventes","Guy Drolet","Installation","Le prix chargé pour installation est de 330 mais le minimum est à 350.00$","Oui","Non",,,"Oui"
"257","2024-05-09","240218","Ventes","Daniel Doré","Produit manquant","Manque main double","Oui","Non",,,"Oui"
"258","2024-05-09","240176","Ventes","Guy Drolet","Produit manquant","oublier les 4 poteaux dans la commande","Oui","Non",,,"Oui"
"259","2024-05-10","240049-304","MEP","Jocelyn Larouche","Erreur dessin","Erreur de mesure pour les mains continues","Oui","Non",,,"Oui"
"260","2024-05-16","240169","Ventes","Daniel Doré","Kilométrage","Extra Kilomètrage on chargé facturer tel quel accepté par Daniel","Oui","Non",,,"Oui"
"261","2024-05-22","240191","Ventes","Guy Drolet","Installation","Manque installation de barrière","Oui","Non",,,"Oui"
"262","2024-06-11","240375","Ventes","Guy Drolet","Produit manquant","manque frais descente en verre","Oui","Non",,,"Oui"
"263","2024-06-12","240372","Production","Production","Erreur d'assemblage","une track de descente d'installer à l'envers voir photo courriel Carol","Oui","Non",,,"Oui"
"264","2024-07-12","240533","Ventes","Guy Drolet","Erreur Couleur","Mauvaise couleur sur la commande","Oui","Non",,,"Oui"
"265","2024-07-17","240533","Ventes","Guy Drolet","Erreur Couleur","Erreur de couleur dans la commande, changer pas fait dans acomba. 
J'envoie un courriel","Oui","Non",,,"Oui"
"266","2024-08-19","240702","Ventes","Guy Drolet","Erreur de produit","Main Classique avec barrotins 3/4'' mais le code sur la commande est seulement la main classique ZZ96347BL.
Changement donné à Guy 19-08-2024","Oui","Non",,,"Oui"
"267","2024-08-23","240613","MEP","Catherine Denis","Erreur dessin","Poteaux manquant sur le dessins (ajout de rampes sur projet existant et verre commandé du client) hauteur 42 à l'oigine devait être changé en 48.
sur la commande 4 poteaux et sur le plan 2 poteaux.","Oui","Oui","Avertissement sur la vérification des quantité et surtout des projets existants","2024-08-23","Oui"
"268","2024-08-27","240013-entré","Mesures","Mesureurs","Erreur Pente","Poteau 1 coupé de 7/8''","Oui","Non",,,"Oui"
"269","2024-08-27","240562","Production","Production","Produit endommagé","Bulle de peinture sur la main","Oui","Non",,,"Oui"
"270","2024-08-23","240104-R1","Installation","Installateurs","Installation","Colonne grafignée et emplacement des bases non-respecté","Oui","Non",,,"Oui"
"271","2024-08-27","240658","Ventes","Guy Drolet","Erreur de produit","Commande intimité planche/latte au lieu de planche/planche","Oui","Non",,,"Oui"
"273","2024-08-27","240603","Installation","Installateurs","Installation","(Équipe Mick), Perçage des poteaux au mauvais endroit et apparent, bris d'une planche de trek, pas de photo prise avant et après, aucune déclaration des évènements par téléphone ou feuille d'inspection chantier.","Oui","Oui","Avertissement fait par Carol","2024-08-27","Oui"
"274","2024-08-27","240613","Ventes","Martin Boiteau","Infaisabilité","Demande de faire monter les verres de descentes sur place, section de 6 pieds, il faut faire une installation d'usine dans telle situation.","Oui","Oui","Avertssement fait à Martin","2024-08-27","Oui"
"275","2025-09-04","250883","Ventes","Yves Gosselin","Adresse du livrable manquante",,"Oui","Non",,,"Oui"
"276","2025-09-07","250919","Ventes","Yves Gosselin","Pas de feuille de suivi",,"Oui","Non",,,"Non"
"277","2025-09-07","250883","Ventes","Yves Gosselin","Pas de feuille de suivi",,"Oui","Non",,,"Non"
"278","2025-09-07","250883","Ventes","Yves Gosselin","Date de délai pas respecté",,"Oui","Non",,,"Non"
"279","2025-09-07","250883","Ventes","Yves Gosselin","Pas d'nformation sur la prise de mesure",,"Oui","Non",,,"Non"
"280","2025-09-07","250909","Ventes","Guy Drolet","Date de délai pas respecté",,"Oui","Non",,,"Non"
"281","2025-09-07","250916","Ventes","Yves Gosselin","Nouveau client pas accompte",,"Oui","Non",,,"Non"
"282","2025-09-08","250899","Ventes","Yves Gosselin","Date de délai pas respecté",,"Oui","Non",,,"Non"
"283","2025-09-08","250925","Ventes","Guy Drolet","Date de délai pas respecté",,"Oui","Non",,,"Non"
"284","2025-09-08","250915","Ventes","Guy Drolet","Date de délai pas respecté",,"Oui","Non",,,"Non"
"285","2025-09-08","250886","Ventes","Daniel Doré","Pas prêt à mesurer",,"Oui","Non",,,"Non"
"286","2025-09-10","250940","Ventes","Yves Gosselin","Date de délai pas respecté",,"Oui","Non",,,"Non"
"287","2025-09-14","250953","Ventes","Yves Gosselin","Pas de feuille de suivi",,"Oui","Non",,,"Non"
"288","2025-09-14","250735","Ventes","Yves Gosselin","Pas prêt à mesurer","Deuxième déplacement, le client n'était pas prêt pour ses escaliers","Oui","Non",,,"Non"
"289","2025-09-14","250948","Ventes","Martin Boiteau","Erreur de prix","- installation 1 hr minimum chargée sans le coût de déplacement","Oui","Non",,,"Non"
"290","2025-09-14","250942","Ventes","Martin Boiteau","Date de délai pas respecté",,"Oui","Non",,,"Non"
"291","2025-09-14","250946","Ventes","Guy Drolet","Date de délai pas respecté",,"Oui","Non",,,"Non"
"292","2026-01-20","260002","Mesures","Mesureurs","Hauteur section",,"Oui","Non",,,"Non"
