"Title","Couleur_Piece","Categorie_Piece","Fournisseur_Piece","Unite_Piece","Code_Piece","Description_Piece","Inventaire_Piece","Prix_Piece","Emplacement","InventaireEmplacement1","PartiPeinture","PointCommande","Emplacement2","InventaireEmplacement2","PiecePeinte","Code_Piece_NonPeinte","DateDerniereTransaction","Achat_fait"
"1","Non-Peinte","Bases et caps","Everest Extrusion","Unité","BGARD-175VDCNP","Base 1 3/4"" Non peinte","561","0","Magasin","561","0","4,000",,"0","False",,"2022-11-24","False"
"2","Noir","Bases et caps","Série act peinture inc.","Unité","BGARD-175VDCNO","Base 1 3/4"" Noire","7,456",,"Magasin","7,456","0","1,800",,"0","Vrai","BGARD-175VDCNP",,"False"
"3","Argile","Bases et caps","Série act peinture inc.","Unité","BGARD-175VDCAR","Base 1 3/4"" Argile","124",,"Magasin","124",,"50",,"0","Vrai","BGARD-175VDCNP",,"False"
"4","Brun commercial","Bases et caps","Série act peinture inc.","Unité","BGARD-175VDCBC","Base 1 3/4"" Brun commercial","348",,"Magasin","348","0","150",,"0","Vrai","BGARD-175VDCNP",,"False"
"5","Blanc","Bases et caps","Série act peinture inc.","Unité","BGARD-175VDCBL","Base 1 3/4"" Blanche","384",,"Magasin","384","0","600",,"0","Vrai","BGARD-175VDCNP",,"False"
"6","Gris charbon","Bases et caps","Série act peinture inc.","Unité","BGARD-175VDCGC","Base 1 3/4"" Gris charbon","180",,"Magasin","180","0","200",,"0","Vrai","BGARD-175VDCNP",,"False"
"7","Argile","Bases et caps","Série act peinture inc.","Unité","BGARD-300VDCAR","Base 3"" Argile","140",,"Magasin","140","0","50",,,"Vrai","BGARD-300VDCNP",,"False"
"8","Brun commercial","Bases et caps","Série act peinture inc.","Unité","BGARD-300VDCBC","Base 3"" Brun commercial","0",,"Magasin","0","0","80",,"0","Vrai","BGARD-300VDCNP",,"False"
"9","Blanc","Bases et caps","Série act peinture inc.","Unité","BGARD-300VDCBL","Base 3"" Blanche","212",,"Magasin","212","0","200",,"0","Vrai","BGARD-300VDCNP",,"False"
"10","Gris charbon","Bases et caps","Série act peinture inc.","Unité","BGARD-300VDCGC","Base 3"" Gris charbon","96",,"Magasin","96","0","60",,"0","Vrai","BGARD-300VDCNP",,"False"
"11","Noir","Bases et caps","Série act peinture inc.","Unité","BGARD-300VDCNO","Base 3"" Noire","480",,"Magasin","480","0","350",,"0","Vrai","BGARD-300VDCNP",,"False"
"12","Non-Peinte","Bases et caps","Everest Extrusion","Unité","BGARD-300VDCNP","Base 3"" Non peinte","1,128",,"Magasin","1,128","0","1,200",,,"False",,,"False"
"13","Argile","Bases et caps","Série act peinture inc.","Unité","CGARD-175DCAR","Cap 1 3/4"" Argile","0",,"Magasin","0","0","60",,"0","Vrai","CGARD-175DCNP",,"False"
"14","Brun commercial","Bases et caps","Série act peinture inc.","Unité","CGARD-175DCBC","Cap 1 3/4"" Brun commercial","200",,"Magasin","200","0","150",,"0","Vrai","CGARD-175DCNP",,"False"
"15","Blanc","Bases et caps","Série act peinture inc.","Unité","CGARD-175DCBL","Cap 1 3/4"" Blanc","144",,"Magasin","144","0","450",,"0","Vrai","CGARD-175DCNP",,"False"
"16","Gris charbon","Bases et caps","Série act peinture inc.","Unité","CGARD-175DCGC","Cap 1 3/4"" Gris charbon","0",,"Magasin","0","100","200",,"0","Vrai","CGARD-175DCNP",,"False"
"17","Noir","Bases et caps","Série act peinture inc.","Unité","CGARD-175DCNO","Cap 1 3/4"" Noir","5,040",,"Magasin","5,040","0","1,700",,"0","Vrai","CGARD-175DCNP",,"False"
"18","Non-Peinte","Bases et caps","Everest Extrusion","Unité","CGARD-175DCNP","Cap 1 3/4"" Non peint","2,250",,"Magasin","2,150","100","3,500",,"0","False",,,"False"
"19","Argile","Bases et caps","Série act peinture inc.","Unité","CGARD-300DCAR","Cap 3"" Argile","200",,"Magasin","200","0","45",,,"Vrai","CGARD-300DCNP",,"False"
"20","Brun commercial","Bases et caps","Série act peinture inc.","Unité","CGARD-300DCBC","Cap 3"" Brun commercial","120",,"Magasin","120","0","75",,"0","Vrai","CGARD-300DCNP",,"False"
"21","Blanc","Bases et caps","Série act peinture inc.","Unité","CGARD-300DCBL","Cap 3"" Blanc","520",,"Magasin","520","0","200",,"0","Vrai","CGARD-300DCNP",,"False"
"22","Gris charbon","Bases et caps","Série act peinture inc.","Unité","CGARD-300DCGC","Cap 3"" Gris charbon","120",,"Magasin","120","0","20",,"0","Vrai","CGARD-300DCNP",,"False"
"23","Noir","Bases et caps","Série act peinture inc.","Unité","CGARD-300DCNO","Cap 3"" Noir","1,034",,"Magasin","1,034","0","300",,"0","Vrai","CGARD-300DCNP",,"False"
"24","Non-peinte","Bases et caps","Everest Extrusion","Unité","CGARD-300DCNP","Cap 3"" Non peint","986",,"Magasin","986","0","1,100",,,"False",,,"False"
"25",,"Vis","Les Attaches Viscan","Boîte de 7000","VS19.0808CA","Vis à barrotin #8 x 5/8"" (barrotin)","3",,"Magasin","1",,"5",,"0","False",,,"False"
"26",,"Vis","Les Attaches Viscan","Boîte de 1500","VS27.1411","Vis base poteaux 1''  #14 x 1""","7",,"Magasin","7",,"5",,"0","False",,,"False"
"27",,"Vis","Les Attaches Viscan","Boîte de 1000","VS27.1415","Vis 1 1/2 pour Équerre  #14 x 1 1/2""","4","4","Magasin","4",,"10",,"0","False",,,"False"
"28","SS","Vis","Les Attaches Viscan","Boîte","VS20.0809CAV+","Vis auto perçante pour U","2",,"Magasin","2",,"0",,"0","False",,,"False"
"29",,"Vis","Les Attaches Viscan","Boîte de 7000","VS17.0809CA","Vis pour barrotins de descente #8 x 3/4""","3",,"Magasin","3",,"3",,"0","False",,,"False"
"30",,"Vis","Les Attaches Viscan","Boîte de 700","VS27.1419","Vis pour base de poteaux 2''  #14 x 2""","5",,"Magasin","5",,"8",,"0","False",,,"False"
"31",,"Emballage","Les Emballages Carrousel","Rouleau","5640337","Pellicule plastique 18"" x 1500' (4rlx/boîte)","5",,"Magasin","5",,"2",,"0","False",,,"False"
"35",,"Barrière","Les Attaches Viscan","Unité","AQUALATCHNO","Aqualatch Noir","0",,"Magasin","0",,"25",,"0","False",,,"False"
"37",,"Vis","Les Attaches Viscan","Unité","VRJ61644","Douille allongée (Vendu en boîte de 10)","70",,"Magasin","70",,"25",,"0","False",,,"False"
"38",,"Vis","Les Emballages E.B. Ltee","Rouleau","Polytubing 12""","Polytubing 12"" Clair","2",,"Magasin","2",,"1",,"0","False",,,"False"
"39",,"Emballage","Les Emballages Carrousel","Rouleau","9741068","Courroie plastique 12mm x 9900' blanc","2",,"Magasin","2",,"1",,"0","False",,,"False"
"40",,"Emballage","Les Emballages Carrousel","Rouleau","Ruban clair 48mm","Ruban clair 48mm x 132mm (48rlx/boîte)","19",,"Magasin","19",,"10",,"0","False",,,"False"
"41",,"Vis","Les Attaches Viscan","Boîte de 1000","VS30-1415V","Vis autopercente #14 x 1 1/2""","1","1","Magasin","1",,"1",,,"False",,,"False"
"42",,"Vis","Les Attaches Viscan","Boîte de 500","VS27.1423 ","Vis #14 x 3""","8",,"Magasin","8",,"4",,"0","False",,,"False"
"44",,"Emballage","Les Emballages Carrousel","Rouleau","5545903","Pellicule plastique 3"" x 1000' (18rlx/boîte)","4",,"Magasin","4",,"9",,"0","False",,,"False"
"45",,"Vis","RICHELIEU","Unité","Bec de cane","Bec de cane","2",,"Magasin","2",,"5",,"0","False",,,"False"
"47",,"Vis","Les Attaches Viscan","Boîte de 2000","VS20.1015CA.V+","Vis #10 x 1 1/2""","3",,"Magasin","3",,,,"0","False",,,"False"
"48",,"Vis","Les Attaches Viscan","Boîte de 250","VS26.1831","Tire fond HEX SS18,8 1/4 x 5""","5",,"Magasin","5",,"0",,,"False",,,"False"
"49",,"Autre","Rembourrage d'auto Daigle inc.","Unité","OUT-0037","Spatule de démanchage","0",,"Magasin","0",,,,"0","False",,,"False"
"50",,"Vision","Euro Architectural Components","Unité","SSGC411XX16S","Attache vision bas (Stainless)","12",,"Magasin","12",,"0",,"0","False",,,"False"
"51","Stainless","Vision","Euro Architectural Components","Unité","SSPFEB180","Attache face à face Stainless 10-12mm","9",,"Magasin","9",,"0",,"0","False",,,"False"
"52",,"Vision","Euro Architectural Components","Unité","SSGC431XX16S","Attache vision haut (Stainless)","16",,"Magasin","16",,"0",,"0","False",,,"False"
"53",,"Vision","Euro Architectural Components","Unité","SSGC411XX16B","Attache vision bas (Noir)","41",,"Magasin","41",,"0",,"0","False",,,"False"
"54",,"Vision","Euro Architectural Components","Unité","SSGC431XX16B","Attache vision haut (Noir)","34",,"Magasin","34",,"0",,"0","False",,,"False"
"55","Noir","Vision","Euro Architectural Components","Unité","SSSPIGOTS6B","Spigot 6"" - NOIR","0",,"Magasin","0",,"0",,,"False",,,"False"
"56",,"Vision","Euro Architectural Components","Unité","SSPFEBWALLS","Connecteur pour verre 10-12mm de départ au mur","0",,"Magasin","0",,"0",,"0","False",,,"False"
"57",,"Vision","Euro Architectural Components","Unité","SSWB1301116S","SUPPORT MURAL FIXE EN ACIER INOXYDABLE 3″ X 3″ AVEC PLAQUE À 3 TROUS (SS316)","2",,"Magasin","2",,"0",,,"False",,,"False"
"58","Stainless","Vision","Euro Architectural Components","Unité","SSGCH40116S","Attache Swivell","5",,"Magasin","5",,"0",,"0","False",,,"False"
"59",,"Vision","Euro Architectural Components","Unité","SSPFGL90SSS","LOQUET EN ACIER INOXYDABLE VERRE À VERRE À 90° – FINI SATINÉ","1",,"Magasin","1",,"0",,"0","False",,,"False"
"60",,"Vision","SM Tech","Rouleau","Coïl aluminium","Coïl aluminium pour fabrication équerre","2",,"Magasin","2",,,,,"False",,,"False"
"61",,"Emballage","Les Emballages Carrousel","Unité","999-A11040","U-Film 48"" Clair 50lbs/rouleau","13",,"Magasin","13",,"6",,"0","False",,,"False"
"62",,"Emballage","Les Emballages Carrousel","Rouleau","3013018","Polytubing 18"" Clair","2",,"Magasin","2",,"1",,"0","False",,,"False"
"63",,"Emballage","Les Emballages Carrousel","Unité","3013006","Polytubing 6"" Clair","3",,"Magasin","3",,"1",,"0","False",,,"False"
"64","Non-Peint","Embout","Fonderie Fondalco inc.","Unité","01-004-BOUT-NP","Embout de main classique Non-peint","20",,"Magasin","20","0","40",,"0","False",,,"False"
"65",,"Équerres","SM Tech","Unité","280-001","Équerre fixe1/8"" x 1-1/8"" x 5"" 95°","4,600",,"Magasin","4,600",,"5,000",,"0","False",,,"Vrai"
"66",,"Équerres","SM Tech","Unité","280-002","Équerre fixe 1/8"" x 1-1/8"" x 5"" 126°","1,100",,"Magasin","1,100",,"5,000",,"0","False",,,"False"
"67",,"Équerres","SM Tech","Unité","280-003","Équerre fixe1/8"" x 1-1/8"" x 5"" droite","4,345",,"Magasin","4,345",,"5,000",,"0","False",,,"Vrai"
"68","Argile","Aluminium","Hydro Extrusion Canada Inc.","Longueur de 17.48 pieds","963473AR","Cache-vis argile",,,"Entrepôt",,,,"Mur",,"False",,,"False"
"69","Brun commercial","Aluminium","Hydro Extrusion Canada Inc.","Longueur de 17.48 pieds","963473BC","Cache-vis Brun commercial",,,"Entrepôt",,,,"Mur",,"False",,,"False"
"70","Blanc","Aluminium","Hydro Extrusion Canada Inc.","Longueur de 17.48 pieds","963473BL","Cache-vis Blanc",,,"Entrepôt",,,,"Mur",,"False",,,"False"
"71","Gris charbon","Aluminium","Hydro Extrusion Canada Inc.","Longueur de 17.48 pieds","963473GC","Cache-vis Gris charbon",,,"Entrepôt",,,,"Mur",,"False",,,"False"
"72","Gris métallique","Aluminium","Hydro Extrusion Canada Inc.","Longueur de 17.48 pieds","963473GM","Cahe-vis Gris métallique",,,"Entrepôt",,,,"Mur",,"False",,,"False"
"73","Noir","Aluminium","Hydro Extrusion Canada Inc.","Longueur de 17.48 pieds","963473NO","Cahe-vis Noir",,,"Entrepôt",,,,"Mur",,"False",,,"False"
"74","Argile","Aluminium","Hydro Extrusion Canada Inc.","Longueur de 17.48 pieds","963474AR","Track du haut Argile",,,"Entrepôt",,,,"Mur",,"False",,,"False"
"75","Brun commercial","Aluminium","Hydro Extrusion Canada Inc.","Longueur de 17.48 pieds","963474BC","Track du haut Bru commercial",,,"Entrepôt",,,,"Mur",,"False",,,"False"
"76","Blanc","Aluminium","Hydro Extrusion Canada Inc.","Longueur de 17.48 pieds","963474BL","Track du haut Blanc","0",,"Entrepôt",,,,"Mur",,"False",,,"False"
"77","Gris charbon","Aluminium","Hydro Extrusion Canada Inc.","Longueur de 17.48 pieds","963474GC","Track du haut Gris charbon",,,"Entrepôt",,,,"Mur",,"False",,,"False"
"78","Gris métallique","Aluminium","Hydro Extrusion Canada Inc.","Longueur de 17.48 pieds","963474GM","Track du haut Gris métallique",,,"Entrepôt",,,,"Mur",,"False",,,"False"
"79","Noir","Aluminium","Hydro Extrusion Canada Inc.","Longueur de 17.48 pieds","963474NO","Track du haut Noir",,,"Entrepôt",,,,"Mur",,"False",,,"False"
"80","Argile","Aluminium","Hydro Extrusion Canada Inc.","Longueur de 17.48 pieds","963475AR","Main classique Argile",,,"Entrepôt",,,,"Mur",,"False",,,"False"
"81","Brun commercial","Aluminium","Hydro Extrusion Canada Inc.","Longueur de 17.48 pieds","963475BC","Main classique Brun commercial",,,"Entrepôt",,,,"Mur",,"Vrai","963475BL",,"False"
"82","Blanc","Aluminium","Hydro Extrusion Canada Inc.","Longueur de 17.48 pieds","963475BL","Main classique Blanc",,,"Entrepôt",,,,"Mur",,"False",,,"False"
"83","Gris charbon","Aluminium","Hydro Extrusion Canada Inc.","Longueur de 17.48 pieds","963475GC","Main classique Gris charbon",,,"Entrepôt",,,,"Mur",,"False",,,"False"
"84","Noir","Aluminium","Hydro Extrusion Canada Inc.","Longueur de 17.48 pieds","963475NO","Main classique Noir",,,"Entrepôt",,,,"Mur",,"False",,,"False"
"85","Argile","Aluminium","Hydro Extrusion Canada Inc.","Longueur de 17.48 pieds","964702AR","Main urbain Argile",,,"Entrepôt",,"0",,"Mur",,"Vrai",,,"False"
"86","Brun commercial","Aluminium","Hydro Extrusion Canada Inc.","Longueur de 17.48 pieds","964702BC","Main urbaine Brun commercial",,,"Entrepôt",,,,"Mur",,"False",,,"False"
"87","Blanc","Aluminium","Hydro Extrusion Canada Inc.","Longueur de 17.48 pieds","964702BL","Main urbaine Blanc",,,"Entrepôt",,,,"Mur",,"False",,,"False"
"88","Gris charbon","Aluminium","Hydro Extrusion Canada Inc.","Longueur de 17.48 pieds","964702GC","Main urbaine Gris charbon",,,"Entrepôt",,,,"Mur",,"False",,,"False"
"89","Gris métallique","Aluminium","Hydro Extrusion Canada Inc.","Longueur de 17.48 pieds","964702GM","Main urbaine Gris métallique",,,"Entrepôt",,,,"Mur",,"False",,,"False"
"90","Noir","Aluminium","Hydro Extrusion Canada Inc.","Longueur de 17.48 pieds","964702NO","Main urbaine Noir",,,"Entrepôt",,,,"Mur",,"False",,,"False"
"91","Argile","Aluminium","Hydro Extrusion Canada Inc.","Longueur de 17.48 pieds","964747AR","Track de verre Argile",,,"Entrepôt",,,,"Mur",,"False",,,"False"
"92","Brun commercial","Aluminium","Hydro Extrusion Canada Inc.","Longueur de 17.48 pieds","964747BC","Track de verre Brun commercial",,,"Entrepôt",,,,"Mur",,"False",,,"False"
"93","Blanc","Aluminium","Hydro Extrusion Canada Inc.","Longueur de 17.48 pieds","964747BL","Track de verre Blanc",,,"Entrepôt",,,,"Mur",,"False",,,"False"
"94","Gris charbon","Aluminium","Hydro Extrusion Canada Inc.","Longueur de 17.48 pieds","964747GC","Track de verre Gris charbon",,,"Entrepôt",,,,"Mur",,"False",,,"False"
"95","Gris métallique","Aluminium","Hydro Extrusion Canada Inc.","Longueur de 17.48 pieds","964747GM","Track de verre Gris métallique",,,"Entrepôt",,,,"Mur",,"False",,,"False"
"96","Noir","Aluminium","Hydro Extrusion Canada Inc.","Longueur de 17.48 pieds","964747NO","Track de verre Noir",,,"Entrepôt",,,,"Mur",,"False",,,"False"
"97","Argile","Aluminium","Hydro Extrusion Canada Inc.","Longueur de 14.83 pieds","998492AR","Barrotin 1 3/4"" Argile",,,"Entrepôt",,,,"Mur",,"False",,,"False"
"98","Brun commercial","Aluminium","Hydro Extrusion Canada Inc.","Longueur de 14.83 pieds","998492BC","Barrotin 1 3/4"" Brun commercial",,,"Entrepôt",,,,"Mur",,"False",,,"False"
"99","Blanc","Aluminium","Hydro Extrusion Canada Inc.","Longueur de 14.83 pieds","998492BL","Barrotin 1 3/4"" Blanc",,,"Entrepôt",,,,"Mur",,"False",,,"False"
"100","Gris charbon","Aluminium","Hydro Extrusion Canada Inc.","Longueur de 14.83 pieds","998492GC","Barrotin 1 3/4"" Gris charbon",,,"Entrepôt",,,,"Mur",,"False",,,"False"
"101","Noir","Aluminium","Hydro Extrusion Canada Inc.","Longueur de 14.83 pieds","998492NO","Barrotin 1 3/4"" Noir",,,"Entrepôt",,,,"Mur",,"False",,,"False"
"102","Argile","Aluminium","Hydro Extrusion Canada Inc.","Longueur de 14.83 pieds","998495AR","Barrotin 3/4"" Argile",,,"Entrepôt",,,,"Mur",,"False",,,"False"
"103","Brun commercial","Aluminium","Hydro Extrusion Canada Inc.","Longueur de 14.83 pieds","998495BC","Barrotin 3/4"" Brun commercial",,,"Entrepôt",,,,"Mur",,"False",,,"False"
"104","Blanc","Aluminium","Hydro Extrusion Canada Inc.","Longueur de 14.83 pieds","998495BL","Barrotin 3/4"" Blanc",,,"Entrepôt",,,,"Mur",,"False",,,"False"
"105","Gris charbon","Aluminium","Hydro Extrusion Canada Inc.","Longueur de 14.83 pieds","998495GC","Barrotin 3/4"" Gris charbon",,,"Entrepôt",,,,"Mur",,"False",,,"False"
"106","Gris métallique","Aluminium","Hydro Extrusion Canada Inc.","Longueur de 14.83 pieds","998495GM","Barrotin 3/4"" Gris métallique",,,"Entrepôt",,,,"Mur",,"False",,,"False"
"107","Noir","Aluminium","Hydro Extrusion Canada Inc.","Longueur de 14.83 pieds","998495NO","Barrotin 3/4"" Noir",,,"Entrepôt",,,,"Mur",,"False",,,"False"
"108","Argile","Aluminium","Hydro Extrusion Canada Inc.","Longueur de 17.48 pieds","998496AR","Poteau 1 3/4"" Argile",,,"Entrepôt",,,,"Mur",,"False",,,"False"
"109","Brun commercial","Aluminium","Hydro Extrusion Canada Inc.","Longueur de 17.48 pieds","998496BC","Poteau 1 3/4"" Brun commercial",,,"Entrepôt",,,,"Mur",,"False",,,"False"
"110","Blanc","Aluminium","Hydro Extrusion Canada Inc.","Longueur de 17.48 pieds","998496BL","Poteau 1 3/4"" Blanc",,,"Entrepôt",,,,"Mur",,"False",,,"False"
"111","Gris charbon","Aluminium","Hydro Extrusion Canada Inc.","Longueur de 17.48 pieds","998496GC","Poteau 1 3/4"" Gris charbon",,,"Entrepôt",,,,"Mur",,"False",,,"False"
"112","Gris métallique","Aluminium","Hydro Extrusion Canada Inc.","Longueur de 17.48 pieds","998496GM","Poteau 1 3/4"" Gris métallique",,,"Entrepôt",,,,"Mur",,"False",,,"False"
"113","Noir","Aluminium","Hydro Extrusion Canada Inc.","Longueur de 17.48 pieds","998496NO","Poteau 1 3/4"" Noir",,,"Entrepôt",,,,"Mur",,"False",,,"False"
"114","Argile","Aluminium","Hydro Extrusion Canada Inc.","Longueur de 17.48 pieds","998497AR","Poteau 3"" Argile",,,"Entrepôt",,,,"Mur",,"False",,,"False"
"115","Brun commercial","Aluminium","Hydro Extrusion Canada Inc.","Longueur de 17.48 pieds","998497BC","Poteau 3"" Brun commercial",,,"Entrepôt",,,,"Mur",,"False",,,"False"
"116","Blanc","Aluminium","Hydro Extrusion Canada Inc.","Longueur de 17.48 pieds","998497BL","Poteau 3"" Blanc",,,"Entrepôt",,,,"Mur",,"False",,,"False"
"117","Gris charbon","Aluminium","Hydro Extrusion Canada Inc.","Longueur de 17.48 pieds","998497GC","Poteau 3"" Gris charbon",,,"Entrepôt",,,,"Mur",,"False",,,"False"
"118","Noir","Aluminium","Hydro Extrusion Canada Inc.","Longueur de 17.48 pieds","998497NO","Poteau 3"" Noir",,,"Entrepôt",,,,"Mur",,"False",,,"False"
"119","Argile","Aluminium","Hydro Extrusion Canada Inc.","Longueur de 17.48 pieds","998498AR","Planche Argile",,,"Entrepôt",,,,"Mur",,"False",,,"False"
"120","Brun commercial","Aluminium","Hydro Extrusion Canada Inc.","Longueur de 17.48 pieds","998498BC","Planche Brun commercial",,,"Entrepôt",,,,"Mur",,"False",,,"False"
"121","Blanc","Aluminium","Hydro Extrusion Canada Inc.","Longueur de 17.48 pieds","998498BL","Planche Blanc",,,"Entrepôt",,,,"Mur",,"False",,,"False"
"122","Gris charbon","Aluminium","Hydro Extrusion Canada Inc.","Longueur de 17.48 pieds","998498GC","Planche Gris charbon",,,"Entrepôt",,,,"Mur",,"False",,,"False"
"123","Noir","Aluminium","Hydro Extrusion Canada Inc.","Longueur de 17.48 pieds","998498NO","Planche Noir",,,"Entrepôt",,,,"Mur",,"False",,,"False"
"125",,"Équerres","Les Attaches Viscan","Boîte","Équerre pour Fibre","Équerre pour Fibre","1",,"Magasin","1",,,,,"False",,,"False"
"126",,"Vis","Les Attaches Viscan","Boîte","Vis équerre fibre","Vis pour équerre fibre","1",,"Magasin","1",,,,,"False",,,"False"
"127",,"Vis","Les Attaches Viscan","Boîte de 100","VS30.1415.V+","Vis noire #14 x 1 1/2""","10",,"Magasin","10",,"0",,"0","False",,,"False"
"128",,"Vis","Les Attaches Viscan","Boîe de 300","VS26.1827","Tire fond HEX SS18,8 1/4 x 4""","2",,"Magasin","2",,"1",,"0","False",,,"False"
"129",,"Barrière","Boulet Lemelin","Unité","PGondG","Penture à gond gauche","0",,"Magasin","0",,"2",,"0","False",,,"False"
"130",,"Barrière","Boulet Lemelin","Unité","PGondD","Penture à gond droite","0",,"Magasin","0",,"2",,"0","False",,,"False"
"131","Gris métallique","Bases et caps","Peinture Industrielle DJ Inc","Unité","BGARD-175VDCGM","Base 1 3/4"" Gris métallique","360",,"Magasin","360",,"250",,"0","Vrai","BGARD-175VDCNP",,"False"
"132","Gris métallique","Bases et caps","Peinture Industrielle DJ Inc","Unité","CGARD-175DCGM","Cap 1 3/4 Gris métallique","0",,"Magasin","0","0","150",,"0","Vrai","CGARD-175DCNP",,"False"
"133","Non-Peinte","Base barrotin","Metra Aluminium Inc.","Unité","BBARRO-3/4-NP","Base de barrotin 3/4 Non-Peinte","17,473",,"Magasin","17,473","0",,,"0","False",,,"False"
"134","Gris métallique","Base barrotin","Peinture Industrielle DJ Inc","Paquet de 25","BBARRO-3/4-GM","Base de barrotin 3/4"" Gris métallique","4",,"Magasin","4",,,,,"Vrai","BBARRO-3/4-NP",,"False"
"135","Brun commercial","Base barrotin","Série act peinture inc.","Paquet de 25","BBARRO-3/4-BC","Base de barrotin 3/4"" Brun commercial","9",,"Magasin","9","0",,,"0","Vrai","BBARRO-3/4-NP",,"False"
"136","Blanc","Base barrotin","Série act peinture inc.","Paquet de 25","BBARRO-3/4-BL","Base de barrotin 3/4"" Blanc","26",,"Magasin","26","0",,,"0","Vrai","BBARRO-3/4-NP",,"False"
"137","Noir","Base barrotin","Série act peinture inc.","Paquet de 25","BBARRO-3/4-NO","Base de barrotin 3/4"" Noir","73",,"Magasin","73","0",,,"0","Vrai","BBARRO-3/4-NP",,"False"
"138","Charbon","Base barrotin","Série act peinture inc.","Paquet de 25","BBARRO-3/4-CH","Base de barrotin 3/4"" Charbon","6",,"Magasin","6",,,,"0","Vrai","BBARRO-3/4-NP",,"False"
"139","Argile","Base barrotin","Série act peinture inc.","Paquet de 25","BBARRO-3/4-AR","Base de barrotin 3/4"" Argile","8",,"Magasin","8",,,,"0","Vrai","BBARRO-3/4-NP",,"False"
"140","Brun commercial","Capsule","Les Métaux Pressés Québec inc.","Boîte de 500","Capsule-BR","Capsule Brun commercial","16",,"Magasin","16",,"6",,"0","False",,,"False"
"141","Blanc","Capsule","Les Métaux Pressés Québec inc.","Boîte de 500","Capsule-BL","Capsule Blanche","23",,"Magasin","23",,"6",,"0","False",,,"Vrai"
"142","Noir","Capsule","Les Métaux Pressés Québec inc.","Boîte de 500","Capsule-NO","Capsule Noire","39",,"Magasin","39",,"12",,"0","False",,,"False"
"143","Charbon","Capsule","Les Métaux Pressés Québec inc.","Boîte de 500","Capsule-CH","Capsule Charbon","1",,"Magasin","1",,"6",,"0","False",,,"False"
"144","Argile","Capsule","Les Métaux Pressés Québec inc.","Boîte de 500","Capsule-AR","Capsule Argile","3",,"Magasin","3",,"6",,"0","False",,,"False"
"145","Gris métallique","Capsule","Les Métaux Pressés Québec inc.","Boîte de 500","Capsule-GM","Capsule Gris métallique","13",,"Magasin","13",,"6",,"0","False",,,"False"
"146","Non-Peinte","Embout","Fonderie Fondalco inc.","Unité","CMCG-200-NP","Embout de main urbaine Non-Peinte","299",,"Magasin","299","0","500",,"0","False",,,"False"
"147","Gris métallique","Embout","Peinture Industrielle DJ Inc","Unité","CMCG-200-GM","Embout de main urbaine Gris métallique","20",,"Magasin","20","0","250",,"0","Vrai","CMCG-200-NP",,"False"
"148","Brun commercial","Embout","Fonderie Fondalco inc.","Unité","CMCG-200-BR","Embout de main urbaine brun commercial","382",,"Magasin","382","0","50",,"0","Vrai","CMCG-200-NP",,"False"
"149","Blanc","Embout","Fonderie Fondalco inc.","Unité","CMCG-200-BL","Embout de main urbaine blanc","351",,"Magasin","351","0","200",,"0","Vrai","CMCG-200-NP",,"False"
"150","Noir","Embout","Fonderie Fondalco inc.","Unité","CMCG-200-NO","Embout de main urbaine noir","16",,"Magasin","16","0","350",,"0","Vrai","CMCG-200-NP",,"False"
"151","Charbon","Embout","Fonderie Fondalco inc.","Unité","CMCG-200-CH","Embout de main urbaine Charbon","86",,"Magasin","86","0","50",,"0","Vrai","CMCG-200-NP",,"False"
"152","Argile","Embout","Fonderie Fondalco inc.","Unité","CMCG-200-AR","Embout de main urbaine Argile","31",,"Magasin","31",,"30",,,"Vrai","CMCG-200-NP",,"False"
"153","Brun commercial","Embout","Fonderie Fondalco inc.","Unité","01-004-BOUT-BR","Embout de main classique Brun commercial","23",,"Magasin","23","0","10",,"0","Vrai","01-004-BOUT-NP",,"False"
"154","Blanc","Embout","Fonderie Fondalco inc.","Unité","01-004-BOUT-BL","Embout de main classique Blanc","42",,"Magasin","42",,"20",,"0","Vrai","01-004-BOUT-NP",,"False"
"155","Noir","Embout","Fonderie Fondalco inc.","Unité","01-004-BOUT-NO","Embout de main classique Noir","0",,"Magasin","0",,"10",,"0","Vrai","01-004-BOUT-NP",,"False"
"156","Charbon","Embout","Fonderie Fondalco inc.","Unité","01-004-BOUT-CH","Embout de main classique Charbon","19",,"Magasin","19","0","5",,"0","Vrai","01-004-BOUT-NP",,"False"
"157","Argile","Embout","Fonderie Fondalco inc.","Unité","01-004-BOUT-AR","Embout de main classique Argile","28",,"Magasin","28",,"10",,,"Vrai","01-004-BOUT-NP",,"False"
"158","Non-Peinte","Attache murale","Aimé Champagne","Unité","AttacheMurale-NP","Attache murale Non-Peinte","15",,"Magasin","15","0","50",,"0","False",,,"False"
"159","Gris métallique","Attache murale","Peinture Industrielle DJ Inc","Unité","AttacheMurale-GM","Attache murale Gris métallique","0",,"Magasin","0",,"5",,,"Vrai","AttacheMurale-NP",,"False"
"160","Brun commercial","Attache murale","Série act peinture inc.","Unité","AttacheMurale-BR","Attache murale Brun commercial","28",,"Magasin","28","0","5",,"0","Vrai","AttacheMurale-NP",,"False"
"161","Blanc","Attache murale","Série act peinture inc.","Unité","AttacheMurale-BL","Attache murale blanche","45",,"Magasin","45","0","20",,"0","Vrai","AttacheMurale-NP",,"False"
"162","Noir","Attache murale","Série act peinture inc.","Unité","AttacheMurale-NO","Attache murale noire","52",,"Magasin","52","0","20",,"0","Vrai","AttacheMurale-NP",,"False"
"163","Charbon","Attache murale","Série act peinture inc.","Unité","AttacheMurale-CH","Attache murale charbon","36",,"Magasin","36",,"5",,"0","Vrai","AttacheMurale-NP",,"False"
"164","Argile","Attache murale","Série act peinture inc.","Unité","AttacheMurale-AR","Attache murale argile","15",,"Magasin","15",,"5",,"0","Vrai","AttacheMurale-NP",,"False"
"165","Non-Peinte","Plaque","LB Laser","Unité","PlaqueMC-NP","Plaque main urbaine Non-peinte","109",,"Magasin","109","0","100",,"0","False",,,"False"
"166","Brun commercial","Plaque","Série act peinture inc.","Unité","PlaqueMC-BR","Plaque main urbaine brun commercial","53",,"Magasin","53","0","15",,"0","Vrai","PlaqueMC-NP",,"False"
"167","Blanc","Plaque","Série act peinture inc.","Unité","PlaqueMC-BL","Plaque main urbaine blanche","69",,"Magasin","69","0","30",,,"Vrai","PlaqueMC-NP",,"False"
"168","Noir","Plaque","Série act peinture inc.","Unité","PlaqueMC-NO","Plaque main urbaine noire","102",,"Magasin","102",,"50",,,"Vrai","PlaqueMC-NP",,"False"
"169","Charbon","Plaque","Série act peinture inc.","Unité","PlaqueMC-CH","Plaque main urbaine charbon","51",,"Magasin","51","0","15",,"0","Vrai","PlaqueMC-NP",,"False"
"170","Argile","Plaque","Série act peinture inc.","Unité","PlaqueMC-AR","Plaque main urbaine argile","23",,"Magasin","23",,"15",,,"Vrai","PlaqueMC-NP",,"False"
"171","Noir","Base barrotin","Metra Aluminium Inc.","Unité","BBARRO-1-3/4-NO","Base de barrotin 1 3/4"" Noire","47",,"Magasin","47",,,,,"False",,,"False"
"172","Noir","Autre","Peinture Industrielle DJ Inc","Unité","BoutRet-NO","Touch up Noir","16",,"Magasin","16",,"10",,"0","False",,,"False"
"173","Blanc","Autre","Peinture Industrielle DJ Inc","Unité","BoutRet-BL","Touch up Blanc","21",,"Magasin","21",,"10",,"0","False",,,"False"
"174","Charbon","Autre","Peinture Industrielle DJ Inc","Unité","BoutRet-GC","Touch up Charbon","19",,"Magasin","19",,"5",,,"False",,,"False"
"175","Brun commercial","Autre","Peinture Industrielle DJ Inc","Unité","BoutRet-BC","Touch up Brun commercial","9",,"Magasin","9",,"5",,,"False",,,"False"
"176","Argile","Autre","Peinture Industrielle DJ Inc","Unité","BoutRet-AR","Touch up Argile","18",,"Magasin","18",,"5",,,"False",,,"False"
"177",,"Barrière","Gem Product","Unité","ClipBarriere","Clip de barrière","93",,"Magasin","93",,"50",,"0","False",,,"False"
"179",,"Barrière","Les Agences Angelo D'Anello inc.","Boîte de 2","Penture3""","Penture 3""","17",,"Magasin","17",,"10",,"0","False",,,"False"
"181",,"Emballage","Les Emballages Carrousel","Rouleau","3040159","Mousse cohésive blanc 1/16 x 60"" (RL 1250')","1",,"Magasin","1",,"1",,"0","False",,,"False"
"182",,"Emballage","Les Emballages E.B. Ltee","Rouleau","RouleauCarton","Rouleau de carton","26",,"Magasin","5",,,,"0","False",,,"False"
"183",,"Autre","Extrucan inc.","Rouleau","2371GY-F-750","Cannelure 5mm Gris Anti-moisissure","2",,"Magasin","2",,"3",,"0","False",,,"Vrai"
"184",,"Emballage","Cartonek","Paquet de 25","80870-0001","Feuille carton 96"" X 10 3/16"" ","8",,"Magasin","8",,"11",,"0","False",,,"Vrai"
"185","Non-Peinte","Feuille aluminium","Acier Picard","Unité","FALUM-NP","Feuille aluminium 4' x 8' Non-peinte","6",,"Magasin","3",,"1",,,"False",,,"False"
"186",,"Autre","Les Attaches Viscan","Unité","Embout6""","Embout carré #2 6""","10",,"Magasin","10",,"2",,,"False",,,"False"
"187",,"Autre","Les Attaches Viscan","Unité","VRJ61032.CO","Embout carré #2 3"" (Vendu en paquet de 10)","0",,"Magasin","0",,"5",,"0","False",,,"Vrai"
"188","Non-Peint","Attache poteau","LB Laser","Unité","AttachePoteau-NP","Attache poteau Non-Peinte","32",,"Magasin","32",,"0",,,"False",,,"False"
"189","Noir","Attache poteau","Série act peinture inc.","Unité","AttachePoteau-NO","Attache poteau noire","22",,"Magasin","22",,"0",,,"Vrai","AttachePoteau-NP",,"False"
"190",,"Vis","Les Attaches Viscan","Boîte de 500","VC1815.003","Shield plomb","14",,"Magasin","14",,"8",,"0","False",,,"False"
"191",,"Autre","Les Métaux Pressés Québec inc.","Boîte de 1000","Cale","Cale (shim)","18",,"Magasin","18",,"3",,"0","False",,,"Vrai"
"192",,"Emballage","Les Emballages Carrousel","Rouleau","999-A37708","Mousse cohésive Bleu 1/16 x 48""","3",,"Magasin","3",,"10",,"0","False",,,"False"
"193",,"Vis","Les Attaches Viscan","Boîte de 50","VH30.1000","Clé HEX courte 5/32","1",,"Magasin","1",,"0",,"0","False",,,"False"
"194",,"Vis","Les Attaches Viscan","Boîte de 1300","VS17.1411CA","Vis flat carré SS18.8 #14x 1"" (pour vision) ","2",,"Magasin","2",,"0",,"0","False",,,"False"
"195",,"Rivets","Industries Miratech","Unité","SSB48SM","Rivet Stainless, dia.1/8, grip 0.500""","10,000",,"Magasin","10,000",,"5,000",,"0","False",,,"False"
"196",,"Vis","Les Attaches Viscan","Boîte de 3000","VS15.1607","Vis pentures à ressort","1",,"Magasin","1",,"0",,"0","False",,,"False"
"197",,"Vis","Les Attaches Viscan","Boîte de 650","VS01.2211","Boulon HEX 3/8 - 16 x 1"" Pour bout barrotin","1",,"Magasin","1",,"1",,"0","False",,,"False"
"198",,"Autre","Travail jeunesse","Unité","HDPE","Bloc de 1"" de HDPE (bloc main continue)","0",,"Magasin","0",,"0",,,"False",,,"False"
"199","Gris métallique","Bases et caps","Peinture Industrielle DJ Inc","Unité","BGARD-300VDCGM","Base 3"" Gris métallique","220",,"Magasin","220","0","50",,"0","Vrai","BGARD-300VDCNP",,"False"
"200","Gris métallique","Bases et caps","Peinture Industrielle DJ Inc","Unité","CGARD-300DCGM","Cap 3"" Gris métallique","158",,"Magasin","158","0","40",,"0","Vrai","CGARD-300DCNP",,"False"
"201","Graphite","Plancher aluminium","Aluminium PS","Longueur de 24'","PA624","Planche Balcon Aluminium 24' ","194",,"Magasin","194",,"50",,"0","False",,,"False"
"202","Graphite","Plancher aluminium","Aluminium PS","Longueur de 6'","PA66","Planche Balcon Aluminium 6' ","17",,"Magasin","17",,,,,"False",,,"False"
"203","Graphite","Plancher aluminium","Aluminium PS","Unité","MA224","Moulure de finition 24' Graphite","67",,"Magasin","67",,"20",,"0","False",,,"False"
"204",,"Plancher aluminium","Aluminium PS","Unité","AA122","Moulure de départ 12' ","85",,"Magasin","85",,"15",,"0","False",,,"False"
"205","Graphite","Marches aluminium","Aluminium PS","Unité","MALU42","Marche Aluminium 42'' Graphite","28",,"Magasin","28",,"25",,"0","False",,,"False"
"206","Graphite","Marches aluminium","Aluminium PS","Unité","MALU48","Marche Aluminium 48'' Graphite","1",,"Magasin","1",,"20",,"0","False",,,"False"
"207","Non-peint","Équerres","Aimé Champagne","Unité","Équerre-Poteau-NP","Équerre à poteau Non-peinte","26",,"Magasin","26",,,,"0","False",,,"False"
"208","Noir","Équerres","Série act peinture inc.","Unité","Équerre-Poteau-NO","Équerre à poteau Noir","0",,"Magasin","0",,,,"0","Vrai","Équerre-Poteau-NP",,"False"
"209","Satin","Vision","Euro Architectural Components","Unité","SSSPIGOTS6S","Spigot 6"" - SATIN","16",,"Magasin","16",,"0",,,"False",,,"False"
"210","NATUREL","Autre","Groupe Polyalto","Unité","HDPE NATUREL","PIECE HDPE NATUREL Lg 48"" de HDPE","16",,"MAGASIN","16",,"50",,"0","False",,,"Vrai"
"212","Graphite","Plancher aluminium","Aluminium PS","Longueur de 10'","PA610","Planche Balcon Aluminium 10'","50",,"Magasin","50",,,,,"False",,,"False"
"213","Graphite","Plancher aluminium","Aluminium PS","Longueur de 8'","PA68","Planche Balcon aluminiu 8'","6",,"Magasin","6",,,,,"False",,,"False"
"214","Non-Peint","Équerres","Travail jeunesse","Unité","ÉquerreM-NP","Équerre de mur intimité Non-Peinte","23",,"Magasin","23","0","50",,"0","False",,,"False"
"215","Noir","Équerres","Série act peinture inc.","Unité","ÉquerreM-NO","Équerre de mur intimité Noir","484",,"Magasin","484","0",,,"0","Vrai","ÉquerreM-NP",,"False"
"216","Blanc","Équerres","Série act peinture inc.","Unité","ÉquerreM-BL","Équerre de mur intimité Blanc","12",,"Magasin","12",,,,"0","Vrai","ÉquerreM-NP",,"False"
"217",,"Vis","Les Attaches Viscan","Boîte","VS26.1833","Tire fond HEX 1/4"" x 6""","1",,"Magasin","1",,"100",,,"False",,,"False"
"218","Graphite","Plancher aluminium","Aluminium PS","Longueur de 12'","PA612","Planche Balcon aluminiu 12'","1",,"Magasin",,,"0",,,"False",,,"False"
"219","Graphite","Plancher aluminium","Aluminium PS","Longueur de 14'","PA614","Planche Balcon aluminiu 14'","1",,"Magasin",,,"0",,,"False",,,"False"
"220","Graphite","Plancher aluminium","Aluminium PS","Longueur de 16'","PA616","Planche Balcon aluminiu 16'","1",,"Magasin",,,"0",,,"False",,,"False"
"221",,"Barrière","Acier Picard","Paquet de 10","ArretBarriere","Arrêt de barrière","0",,"Magasin","0",,,,"0","False",,,"False"
"222","Satin","Vision","Euro Architectural Components","Unité","SSPFGL180S","Glass to Glass Latch","0",,"Magasin","0",,"0",,"0","False",,,"False"
"223",,"Vis","Les Attaches Viscan","Boîte de 500","VS31.10087CA.V","PETITE VIS AUTO. POUR PENTURE","2",,"Magasin","2",,"2",,"0","False",,,"False"
"224",,"Vis","Boulons & Écrous A.M. inc.","Unité","060212S","MECHE A CIMENT  1/4'' x  12''","0",,,,,"10",,,"False",,,"False"
"225",,"Vision","Euro Architectural Components","Unité","SSSPIGOTEDGE","Attache Vision Optimum Façade (stainless)","0",,"Magasin",,,"0",,,"False",,,"False"
"226",,"Vis","Les Attaches Viscan","Unité","CHXL28.0011","MECHE 11/64","12",,"Magasin","12",,"10",,,"False",,,"False"
"227","Stainless","Vision","Euro Architectural Components","Unité","SSPFEB90","Connecteur de coin 90°","1",,"Magasin","1",,"0",,"0","False",,,"False"
"228","Graphite Black","Vision","Euro Architectural Components","Unité","SSPFEB180GB","Attache face à face Graphite Black","2",,"Magasin","2",,"0",,,"False",,,"False"
"229","INOX","Barrière","RICHELIEU","Unité","301SS","LOQUET BARRIÈRE ACIER INOX","67",,"Magasin","67",,"20",,"0","False",,,"False"
"233","NOIR","Barrière","Les Attaches Viscan","Unité","VZ.SERCLES.NR","Serrure à clé - Noir","0",,"Magasin","0",,"15",,"0","False",,,"False"
"235",,"Vis","Les Attaches Viscan","Boîe de 300","VS27.1427","VIS METAL HEX WASHER T-A SS18.8 14x4","1",,"Magasin","1",,,,,"False",,,"False"
"236",,"Vis","Les Attaches Viscan","Boîte de 250","VRW7210TMG","TITEN WEDGE BOLT GALVANISÉ 1/4 x 3""","7",,"Magasin","2",,"16",,"0","False",,,"False"
"238","Noir","Rivets","Les Attaches Viscan","Boîte de 500","VZPOSSD46SSBS-NO","POP RIVET SS/SS 1/8 GRIP .251 - .375 NOIR","9",,"Magasin","9",,"2",,"0","False",,,"False"
"239","BLANC","Rivets","Les Attaches Viscan","Boîte de 500","VZPOSSD46SSBS-BL","POP RIVET SS/SS 1/8 GRIP .251 - .375 BLANC","3",,"Magasin","3",,"2",,"0","False",,,"False"
"240","GRIS CHARBON","Rivets","Les Attaches Viscan","Boîte de 100","VZPOSSD4SSBS-GC","POP RIVET SS/SS 1/8 GRIP .251 - .375 Gris charbon","4",,"Magasin","4",,"1",,"0","False",,,"False"
"241","BRUN","Rivets","Les Attaches Viscan","Boîte de 100","VZPOSSD46SSBS-BC","POP RIVET SS/SS 1/8 GRIP .251 - .375 BRUN COMMERCIAL","0",,"Magasin","0",,"1",,"0","False",,,"False"
"243","gris métallique","Quincaillerie","Peinture Industrielle DJ Inc","Unité","BoutRet-GM","Touch up Gris Métallique","19",,"Magasin","19",,"5",,,"False",,,"False"
"244","NOIR","Bases et caps","Metal Work","Unité","CapMain-VF-NO","Cap pour main verre en façade NOIR","724",,"Magasin","724",,"400",,"0","False",,,"False"
"245","Non peint","Bases et caps","Metal Work","Unité","CapMain-VF-NP","Cap pour main verre en façade Non-Peint","1,200",,"Magasin","1,200",,,,,"False",,,"False"
"246","NOIR","Bases et caps","Metal Work","Unité","CapTrack-VF-NO","Cap pour track verre en façade NOIR","725",,"Magasin","725",,,,"0","False",,,"False"
"247","Non peint","Bases et caps","Metal Work","Unité","CapTrack-VF-NP","Cap pour track verre en façade Non-Peint","3,500",,"Magasin","3,500",,,,,"False",,,"False"
"250","Noir","Barrière","Les Attaches Viscan","Boîte de 2","VZ.PENTF.NR","Penture à ressort simple noire (Paire)","0",,"Magasin","0",,"20",,"0","False",,,"False"
"251",,"Barrière","Les Agences Angelo D'Anello inc.","Unité","ZZ264999","PENTURE A RESSORT STAINLESS","0",,,,,"0",,,"False",,,"False"
"252","Noir","Barrière","Les Attaches Viscan","Unité","VZDD.TCGS3","Arret barrière noir","44",,"Magasin","44",,"20",,"0","False",,,"False"
"253","NOIR","Vision","Euro Architectural Components","Unité","SSPFEBWALLGB","Connecteur pour verre 10-12mm de départ au mur NOIR","2",,"Magasin","2",,,,,"False",,,"False"
"254",,"Vis","Les Attaches Viscan","Paquet de 100","VS27.1409","VIS #14 x 3/4","7",,"MAGASIN","7",,,,"0","False",,,"False"
"255",,"Vis","Les Attaches Viscan","Boîte","VA33.0813FTP","VIS PLANCHER ALUMINIUM","1",,"MAGASIN","1",,"0",,,"False",,,"False"
"256",,"Embout","Euro Architectural Components","Unité","SSUTALS1CA","Cap de rail de main 40 x 36mm – Alum anodisé","8",,"MAGASIN","8",,"0",,,"False",,,"False"
"257",,"Vis","Les Attaches Viscan","Boîte","VS27.1413","Vis 1 1/4"" #14 (Barrière)","3",,"MAGASIN","3",,"0",,,"False",,,"False"
"258",,"Vis","Les Attaches Viscan","Unité","VS15.1811PH","VIS FLAT SS FRAISÉE 1/4''  X 1''","0",,,,,"200",,,"False",,,"False"
"259",,"Vis","Les Attaches Viscan","Unité","V01.18125","BOULON HEX. SS 1/4'' X 3 1/2""","0",,,,,"200",,,"False",,,"False"
"260",,"Vis","Les Attaches Viscan","Unité","VS06.1899","ÉCROUS HEX FLANGE 1/4","0",,,,,"200",,,"False",,,"False"
"261",,"Vis","Les Attaches Viscan","Unité","VS10.0500","RONDELLE PLATE 1/4''","0",,,,,"100",,,"False",,,"False"
"262",,"Vis","Les Attaches Viscan","Unité","CHXL28.0014","MECHE A FER 7/32","0",,,,,"5",,,"False",,,"False"
"263",,"Vis","Les Attaches Viscan","Unité","CHXL28.0020","MECHE FER 5/16","0",,,,,"5",,,"False",,,"False"
"264",,"Quincaillerie","LB Laser","Longueur de 48""","FLATINTIMITE","Flat aluminium pour mur intimité 48""","100",,"MAGASIN","100",,"40",,,"False",,,"False"
"265",,"Vis","Les Attaches Viscan","Boîte de 400","VS01.1825FT","BOULONS HEX SS 18.8 1/4 20 X 31/2","1,200",,,,,,,,"False",,,"False"
"266","BLANC","Vis","Les Attaches Viscan","Boîte de 1000","VS20.0809CABL","VIS PAN CARRE TECK SS 18 X 3/4 AUTOP.","1,000",,,,,,,,"False",,,"False"
"267","NOIR","Vis","Les Attaches Viscan","Boîte de 1000","VS20.0809CAV17","VIS PAN CARRE TECK SS 18 X 3/4 AUTOP.","1,000",,,,,,,,"False",,,"False"
"268",,"Vis","Les Attaches Viscan","Boîte de 1000","ZZMA21.1415EVG","VIS TEK HEX POUR ACIER (GALVANISÉ)","1,000",,,,,,,,"False",,,"False"
"269",,"Vis","Les Attaches Viscan","BOÎTE DE 12","CHXL28.0009","MÈCHE RONDE 9/64","12",,,,,,,,"False",,,"False"
"270","Stainless","Vision","Euro Architectural Components","Unité","SSUTALS1CA","Embout de main carré pour 10-12mm","8",,"Magasin","8",,,"Magasin","8","False",,,"False"
"271",,"Vis","Les Attaches Viscan","Boîte de 4000","VS20.0811CA.V+","Vis autoperçantes 1"" pour barrière","3",,"Magasin","2",,,"Magasin","1","False",,,"False"
"272",,"Équerres","SM Tech","Unité","280-001-Percé","Équerre fixe1/8"" x 1-1/8"" x 5"" 95° Percé","350",,"MAGASIN","350",,"900",,"0","False",,,"False"
"273","Noir","Vision","Euro Architectural Components","Unité","SSPFEB90B","Connecteur de coin 90° - NOIR","1",,"Magasin","1",,,,,"False",,,"False"
"274","Stainless","Vision","Euro Architectural Components","Unité","SSPFEBADJS","Connecteur ajustable 12mm","2",,"Magasin","2",,"0",,,"False",,,"False"
"275","Stainless","Vision","Euro Architectural Components","Unité","SSPFHHGGS","Penture hydrolique - Barrière Optimum","1",,"Magasin","1",,"0",,,"False",,,"False"
"276","Gris Métallique","Quincaillerie","Série act peinture inc.","Unité","PlaqueMC-GM","Plaque main urbaine Gris Métallique","18",,"Magasin","18","0","15",,,"Vrai",,,"False"
